relative_path	git_mode	size_bytes	sha256
INPUT	100644	400	dc41f666d17523c9566e91941e3f9fcb8733151fc4445f54f4735fdcd6de6bf9
INPUT_SHA256SUMS	100644	290	b41547d6bf2cd37b516904a7350d132aaef588ba9b529e634c71f8ccb1f96eb8
KPT	100644	29	91042b39ee493cb5c1bee648adc865a2e5935a29278eb405dc009f994db55ece
OUT.s1_al_v100_ofdft_next_cutoff/INPUT.info	100644	43574	604d520718e45a3ee6c1adf373353e5a421ae8cc488308138281434a375a907b
OUT.s1_al_v100_ofdft_next_cutoff/KPT.info	100644	514	452499465d287a2280c553b60862c8f4e2efdc343b8c5799bc6cee2321370a4f
OUT.s1_al_v100_ofdft_next_cutoff/STRU.cif	100644	710	c2c6f64a3996ffed348982e525bb4cd7f2e92287f631e6b4943f0c9341459663
OUT.s1_al_v100_ofdft_next_cutoff/running_scf.log	100644	17449	8b756c23e83a67a98fd8a2f064e670fe644677b12fb8f3bbf690623483b47119
OUT.s1_al_v100_ofdft_next_cutoff/warning.log	100644	1205	ddffacbf2103e64654c2dd0a924aac716594b67aa42babe5af39b18779017b5e
STRU	100644	368	31279eb4f9a5a6ad20376271c79c03a8ead1676cb697b5065515041f6799d437
al.gga.psp	100644	57493	d76ceac60058e230eac514fc419269433a33b199eb6abfa7d6ab43cde248bd1d
experiment_metadata.json	100644	2195	ebb7195772a9143d7af5189ca47b5a03869dda5b23171ffa1df4488a5d347b9c
input_metadata.json	100644	1490	df32816dec0d500442a4f5ac1a841312eaf550cc1b1ec2f0caa8d2de9d2e3b71
mpi_runtime_audit/audit.json	100644	31219	b09ef1e7b0c82683eb9a14afae2cf9796797848878971798dd25a644ef644e4a
mpi_runtime_audit/counterpart_audit.json	100644	2276	ad1aeff2d7dfb4c5f568d6ff06b8a6f7e01754999e353273c026f313d1f2c7ab
mpi_runtime_audit/counterparts.tsv	100644	26552	699934ed96ea6dfb64fef792972d0f9e5af33c9d82c0594d294aca3f5ce63abc
mpi_runtime_audit/namespace/host_preflight.json	100644	3797	1e692fd4cc31f56486a60d3cad085b65ea8f4e3b2b962e62ac4d01314cca53b7
mpi_runtime_audit/namespace/host_status.json	100644	13285	e7feff19e26ad36337cb7586a09d1d1a51abc68a89f1c0dfb9c1c90a1e9f5b72
mpi_runtime_audit/namespace/mountinfo.after_mount	100644	4079	2ab82ea94231ef735d72f91d3cc69521aca4f2c8b441dde10bcff5587ce5b32e
mpi_runtime_audit/namespace/mountinfo.after_run	100644	4079	2ab82ea94231ef735d72f91d3cc69521aca4f2c8b441dde10bcff5587ce5b32e
mpi_runtime_audit/namespace/mountinfo.before_mount	100644	3934	66ca845867b475ef03c7085ba16ad83de4ab3c407875221862aa5de04f778457
mpi_runtime_audit/namespace/payload_status.json	100644	198	887ab3b650028d7f144a2d4a0332ab70c7ffc3a52af6d8b3d1f39a280fffa016
mpi_runtime_audit/namespace/state.after_mount.json	100644	1204	30a4ca58d137dff038ceb2c5765b2d87ea1b40b77c3e5445ae63c6f9ffb8914e
mpi_runtime_audit/namespace/state.after_run.json	100644	1202	d421ad5bbe1e5eb0cc630bb3b9e8ea1c9e71fca24f4f9a6305f599ab5fe05cb0
mpi_runtime_audit/namespace/state.before_mount.json	100644	1337	af0f93398e7b8ed56d4ec3cd91ffda723fe9f58d7d2aa803de47706dc6a5d8d5
mpi_runtime_audit/objects.tsv	100644	67177	3cf7bf8e74ea876e9e2a8e78aa57e22fc3e607b98e6227bb3f0ffa4b6339f097
mpi_runtime_audit/rank_handshake/ready/rank-0.json	100644	1301	f349588ddc8beae3a48a0bf58af355693e4f19441c47558c49f429677970f41a
mpi_runtime_audit/rank_handshake/ready/rank-1.json	100644	1301	2eac95859692c2b0fd33cf4375337a7e7ca2057de208cc34febde8b48deca32f
mpi_runtime_audit/rank_handshake/ready/rank-2.json	100644	1301	3427b8c5e56c1af3e9bd131428e4c69936d7667da844eb690a8a34858ce92ec2
mpi_runtime_audit/rank_handshake/ready/rank-3.json	100644	1301	f3861d37f1fd69f2a3b2013e3711d51810800e1936cc6e2c6e95344e6c8d3880
mpi_runtime_audit/rank_handshake/release/rank-0	100644	8	3933e3274b63dc01fd286d6d939a626867c83a4603fc4347e0f8b8856f1b98fd
mpi_runtime_audit/rank_handshake/release/rank-1	100644	8	3933e3274b63dc01fd286d6d939a626867c83a4603fc4347e0f8b8856f1b98fd
mpi_runtime_audit/rank_handshake/release/rank-2	100644	8	3933e3274b63dc01fd286d6d939a626867c83a4603fc4347e0f8b8856f1b98fd
mpi_runtime_audit/rank_handshake/release/rank-3	100644	8	3933e3274b63dc01fd286d6d939a626867c83a4603fc4347e0f8b8856f1b98fd
mpi_runtime_audit/strace/trace.15	100644	654342	d63ecc60f31d7b0ef92dd3f2cc8a477e4a6de522fda2189fa737ce7a939d9a5a
mpi_runtime_audit/strace/trace.16	100644	1557	6714b76020ae6896562206566094ce14735239f9e19c35a4f36c05ad760542d1
mpi_runtime_audit/strace/trace.17	100644	44	0b128f8c1f1c1ace4205f115669fac32a9c5126f83b7d4b256029be296c1fb61
mpi_runtime_audit/strace/trace.18	100644	487267	735c22a64b3ad0b16f4069330d3e28a119671e822bec9b9048ffc19350b41cc6
mpi_runtime_audit/strace/trace.19	100644	483873	23716fff4634567f245aac4779e387688969d5cd1281b8a94186febf2f07412b
mpi_runtime_audit/strace/trace.20	100644	484302	d6ca6ae717d1fea300919810b0e846e74398e8c9c0e04d7562dc43cdf8775898
mpi_runtime_audit/strace/trace.21	100644	484260	5be05591ccdbcba11faf333d6e331ac6a41217ddfc535dc16eea6dadd9ebb2a6
mpi_runtime_audit/strace/trace.22	100644	257	a0ae2f103bf8734aefcbb4032aacd8739d9ffcbd4b1451bb321cb7097e51d53b
mpi_runtime_audit/strace/trace.23	100644	257	a0ae2f103bf8734aefcbb4032aacd8739d9ffcbd4b1451bb321cb7097e51d53b
mpi_runtime_audit/strace/trace.24	100644	257	a0ae2f103bf8734aefcbb4032aacd8739d9ffcbd4b1451bb321cb7097e51d53b
mpi_runtime_audit/strace/trace.25	100644	257	a0ae2f103bf8734aefcbb4032aacd8739d9ffcbd4b1451bb321cb7097e51d53b
mpi_runtime_audit/strace/trace.26	100644	0	e3b0c44298fc1c149afbf4c8996fb92427ae41e4649b934ca495991b7852b855
mpi_runtime_audit/strace/trace.27	100644	0	e3b0c44298fc1c149afbf4c8996fb92427ae41e4649b934ca495991b7852b855
mpi_runtime_audit/strace/trace.28	100644	0	e3b0c44298fc1c149afbf4c8996fb92427ae41e4649b934ca495991b7852b855
mpi_runtime_audit/strace/trace.29	100644	0	e3b0c44298fc1c149afbf4c8996fb92427ae41e4649b934ca495991b7852b855
mpi_runtime_audit/strace/trace.30	100644	44	0b128f8c1f1c1ace4205f115669fac32a9c5126f83b7d4b256029be296c1fb61
mpi_runtime_audit/strace/trace.31	100644	44	0b128f8c1f1c1ace4205f115669fac32a9c5126f83b7d4b256029be296c1fb61
mpi_runtime_audit/strace/trace.32	100644	44	0b128f8c1f1c1ace4205f115669fac32a9c5126f83b7d4b256029be296c1fb61
mpi_runtime_audit/strace/trace.33	100644	44	0b128f8c1f1c1ace4205f115669fac32a9c5126f83b7d4b256029be296c1fb61
mpi_runtime_audit/strace/trace.34	100644	44	0b128f8c1f1c1ace4205f115669fac32a9c5126f83b7d4b256029be296c1fb61
mpi_runtime_audit/strace/trace.35	100644	44	0b128f8c1f1c1ace4205f115669fac32a9c5126f83b7d4b256029be296c1fb61
mpi_runtime_audit/strace/trace.36	100644	44	0b128f8c1f1c1ace4205f115669fac32a9c5126f83b7d4b256029be296c1fb61
mpi_runtime_audit/strace/trace.37	100644	44	0b128f8c1f1c1ace4205f115669fac32a9c5126f83b7d4b256029be296c1fb61
mpi_runtime_audit/strace/trace.38	100644	44	0b128f8c1f1c1ace4205f115669fac32a9c5126f83b7d4b256029be296c1fb61
mpi_runtime_audit/strace/trace.39	100644	44	0b128f8c1f1c1ace4205f115669fac32a9c5126f83b7d4b256029be296c1fb61
mpi_runtime_audit/strace/trace.40	100644	44	0b128f8c1f1c1ace4205f115669fac32a9c5126f83b7d4b256029be296c1fb61
mpi_runtime_audit/strace/trace.41	100644	44	0b128f8c1f1c1ace4205f115669fac32a9c5126f83b7d4b256029be296c1fb61
replay_status.json	100644	861	faeed45e992c876c962a1648af978691d942fd1a44d2d985810dea0a5d7c5da2
resource_usage.txt	100644	1053	effbf5a1cd74f519daec6e1c5daf74f8167f5cd34680d9ad348adcc99f96463a
result.json	100644	665	93a28628e95d5d10ede91a911e99fc7814bc9013c8ca3dd2e0a118aba17c86fe
run.stdout	100644	6055	fdc33ebcdbdd16f67e73d2b82dcc5c29077030e7e5ae94baeddaae84b608215e
run_status.json	100644	461	0d1b4892fbe09b8aa4a340d06f49a912250fffc8f9cf23f6b4e81da494dd9ac1
runtime_home/CONTROLLED_HOME.txt	100644	56	eff12e20044f5411f511d7f32f76fd51dc0cd96b30863381f8e4916d5dd48ab0
