source_experiment_id	audit_experiment_id	scope	material	series_id	solver	volume_ratio	density_format	density_path	density_sha256	expected_electrons	integrated_electrons	relative_error	certified_relative_error	accepted	delta_energy_mev_per_atom	delta_pressure_gpa	scientific_equivalence_accepted	evidence_revision	kmp_contract_accepted	kmp_rank_lifecycle_count	kmp_successful_syscall_count	point_accepted
S1-20260805-029	S1-20260805-121	primary_baseline	al	ofdft	ofdft	0.9	abacus_cube_text_bohr_minus_3	runs/S1-20260805-121/OUT.g1_ne_121_from_029/chg.cube	7c642c3f7311c843f78b15b1549082728608e555d78bc0cd61fed5466f4c5862	3.0	3.0000000000000004	7.893132156049907e-17	8.058776310403403e-17	True	0.0	0.0	True	r1_reused_accepted_ofdft	True	4	12	True
S1-20260805-030	S1-20260805-122	primary_baseline	al	ofdft	ofdft	0.9400000000000002	abacus_cube_text_bohr_minus_3	runs/S1-20260805-122/OUT.g1_ne_122_from_030/chg.cube	65d25ca4a99da7663d51d64d5c886cedcffc56c1bc96c9e9777ff9171aa2c19c	3.0	3.0000000000000004	9.06215435239136e-17	9.235160469160566e-17	True	0.0	0.0	True	r1_reused_accepted_ofdft	True	4	12	True
S1-20260805-031	S1-20260805-123	primary_baseline	al	ofdft	ofdft	0.9700000000000003	abacus_cube_text_bohr_minus_3	runs/S1-20260805-123/OUT.g1_ne_123_from_031/chg.cube	8beb523e420ee39626a63a4308f3ba49bb8dba878aaa43250339fa6a49dc2c12	3.0	2.9999999999999987	4.190274611858084e-16	4.2081853499059793e-16	True	0.0	0.0	True	r1_reused_accepted_ofdft	True	4	12	True
S1-20260805-032	S1-20260805-124	primary_baseline	al	ofdft	ofdft	1.0	abacus_cube_text_bohr_minus_3	runs/S1-20260805-124/OUT.g1_ne_124_from_032/chg.cube	f168decbbe0d8eff31462c339d6867e014f413507519234dece117d9b6e8c3ce	3.0	2.9999999999999996	7.877335850216782e-17	8.061982634215702e-17	True	0.0	0.0	True	r1_reused_accepted_ofdft	True	4	12	True
S1-20260805-033	S1-20260805-125	primary_baseline	al	ofdft	ofdft	1.03	abacus_cube_text_bohr_minus_3	runs/S1-20260805-125/OUT.g1_ne_125_from_033/chg.cube	ce8914d4b0371059ba56f1536193fd9b450fa23fbbe49762a26cd2797d47b1e0	3.0	3.0	1.4771561384882294e-17	1.6673423260071172e-17	True	0.0	0.0	True	r1_reused_accepted_ofdft	True	4	12	True
S1-20260805-034	S1-20260805-126	primary_baseline	al	ofdft	ofdft	1.06	abacus_cube_text_bohr_minus_3	runs/S1-20260805-126/OUT.g1_ne_126_from_034/chg.cube	0afd36084698712606c898dc3cf3569e85e4286a2ef123c95fa03d7df219e44d	3.0	2.999999999999999	3.584497015425969e-16	3.6040695745298545e-16	True	0.0	0.0	True	r1_reused_accepted_ofdft	True	4	12	True
S1-20260805-035	S1-20260805-127	primary_baseline	al	ofdft	ofdft	1.1000000000000005	abacus_cube_text_bohr_minus_3	runs/S1-20260805-127/OUT.g1_ne_127_from_035/chg.cube	279b290b2fc2000ce3efa20b1f6a4c47aadacf1d2acbd57d867c47a4addde434	3.0	2.9999999999999996	8.44683583927437e-17	8.649947301673182e-17	True	0.0	0.0	True	r1_reused_accepted_ofdft	True	4	12	True
S1-20260805-036		primary_baseline	al	ksdft_standard	ksdft	0.9	abacus_reciprocal_restart_little_endian	runs/S1-20260805-036/OUT.s1_al_v090_ksdft_standard/s1_al_v090_ksdft_standard-CHARGE-DENSITY.restart	c759b08aab3ac1ea6fb129bfb4aa8bb5e4a63ad7dbee84b2433552f06705977e	3.0	2.999999999969738	1.0087312943025601e-11	1.0087312943025601e-11	True			not_applicable_existing_density	r1_existing_ks_density	not_applicable_existing_density			True
S1-20260805-037		primary_baseline	al	ksdft_standard	ksdft	0.9400000000000002	abacus_reciprocal_restart_little_endian	runs/S1-20260805-037/OUT.s1_al_v094_ksdft_standard/s1_al_v094_ksdft_standard-CHARGE-DENSITY.restart	2aa159dc9d6a62eb81c0aa73a1264e7ae0cf86b0d9e87bd91a3a092a2f4d0e04	3.0	3.000000000002644	8.813485211685098e-13	8.813485211685098e-13	True			not_applicable_existing_density	r1_existing_ks_density	not_applicable_existing_density			True
S1-20260805-038		primary_baseline	al	ksdft_standard	ksdft	0.9700000000000003	abacus_reciprocal_restart_little_endian	runs/S1-20260805-038/OUT.s1_al_v097_ksdft_standard/s1_al_v097_ksdft_standard-CHARGE-DENSITY.restart	a3b5faacf92b723e39bed38647fe0a72e53c15cc3665930d8537995239808f8e	3.0	2.9999999999813722	6.209263258073644e-12	6.209263258073644e-12	True			not_applicable_existing_density	r1_existing_ks_density	not_applicable_existing_density			True
S1-20260805-039		primary_baseline	al	ksdft_standard	ksdft	1.0	abacus_reciprocal_restart_little_endian	runs/S1-20260805-039/OUT.s1_al_v100_ksdft_standard/s1_al_v100_ksdft_standard-CHARGE-DENSITY.restart	c5f73e168aa0a01d2e4089c8cd3edf0d4e4797c29d69561154585338461b9a01	3.0	2.999999999990056	3.3146688943999447e-12	3.3146688943999447e-12	True			not_applicable_existing_density	r1_existing_ks_density	not_applicable_existing_density			True
S1-20260805-040		primary_baseline	al	ksdft_standard	ksdft	1.03	abacus_reciprocal_restart_little_endian	runs/S1-20260805-040/OUT.s1_al_v103_ksdft_standard/s1_al_v103_ksdft_standard-CHARGE-DENSITY.restart	5b84a764f7e59e3973ab41248be07d4631515119bbdb4743270ef8bf2e5f63d5	3.0	2.999999999984165	5.278307500666829e-12	5.278307500666829e-12	True			not_applicable_existing_density	r1_existing_ks_density	not_applicable_existing_density			True
S1-20260805-041		primary_baseline	al	ksdft_standard	ksdft	1.06	abacus_reciprocal_restart_little_endian	runs/S1-20260805-041/OUT.s1_al_v106_ksdft_standard/s1_al_v106_ksdft_standard-CHARGE-DENSITY.restart	2c93c262e7e4ee313bfc15a8dd221eeb9f395c983c9eed24bd4e0bc0b4b2f31d	3.0	3.000000000005686	1.895395787223772e-12	1.895395787223772e-12	True			not_applicable_existing_density	r1_existing_ks_density	not_applicable_existing_density			True
S1-20260805-042		primary_baseline	al	ksdft_standard	ksdft	1.1000000000000005	abacus_reciprocal_restart_little_endian	runs/S1-20260805-042/OUT.s1_al_v110_ksdft_standard/s1_al_v110_ksdft_standard-CHARGE-DENSITY.restart	16042494525e4afc74c2f003ba842c3320fd2eff7298a79c14a69bc6ec148b0b	3.0	2.999999999986886	4.371295544106165e-12	4.371295544106165e-12	True			not_applicable_existing_density	r1_existing_ks_density	not_applicable_existing_density			True
S1-20260805-043		primary_baseline	al	ksdft_half	ksdft	0.9	abacus_reciprocal_restart_little_endian	runs/S1-20260805-043/OUT.s1_al_v090_ksdft_half/s1_al_v090_ksdft_half-CHARGE-DENSITY.restart	cf060273d64cc79d860f72faa0b3600b2546202db43c645762e6e2b84f3b5c65	3.0	3.0000000000089178	2.97265758790228e-12	2.97265758790228e-12	True			not_applicable_existing_density	r1_existing_ks_density	not_applicable_existing_density			True
S1-20260805-044		primary_baseline	al	ksdft_half	ksdft	0.9400000000000002	abacus_reciprocal_restart_little_endian	runs/S1-20260805-044/OUT.s1_al_v094_ksdft_half/s1_al_v094_ksdft_half-CHARGE-DENSITY.restart	2b97c097d376fee05b49724a9b57a0f63ced1dea9288a9e5d4e5d560ac4bb898	3.0	3.0000000000303833	1.0127696865884852e-11	1.0127696865884852e-11	True			not_applicable_existing_density	r1_existing_ks_density	not_applicable_existing_density			True
S1-20260805-045		primary_baseline	al	ksdft_half	ksdft	0.9700000000000003	abacus_reciprocal_restart_little_endian	runs/S1-20260805-045/OUT.s1_al_v097_ksdft_half/s1_al_v097_ksdft_half-CHARGE-DENSITY.restart	2865315bf879b856c71f9881c0966a4cce8549f0f4f3412d9a8b1c03bb638a6e	3.0	3.0000000000047247	1.5748346225962423e-12	1.5748346225962423e-12	True			not_applicable_existing_density	r1_existing_ks_density	not_applicable_existing_density			True
S1-20260805-046		primary_baseline	al	ksdft_half	ksdft	1.0	abacus_reciprocal_restart_little_endian	runs/S1-20260805-046/OUT.s1_al_v100_ksdft_half/s1_al_v100_ksdft_half-CHARGE-DENSITY.restart	7b443625fb7ae4c622c3d8e42d8c1cf7a2254c27ce32e03ef415974aaccc2b96	3.0	2.9999999999925975	2.467533709097541e-12	2.467533709097541e-12	True			not_applicable_existing_density	r1_existing_ks_density	not_applicable_existing_density			True
S1-20260805-047		primary_baseline	al	ksdft_half	ksdft	1.03	abacus_reciprocal_restart_little_endian	runs/S1-20260805-047/OUT.s1_al_v103_ksdft_half/s1_al_v103_ksdft_half-CHARGE-DENSITY.restart	427f184f9efaa5491bfc85cac55486e140abded21b06b44fb94956178a908226	3.0	2.9999999999752114	8.262943880400613e-12	8.262943880400613e-12	True			not_applicable_existing_density	r1_existing_ks_density	not_applicable_existing_density			True
S1-20260805-048		primary_baseline	al	ksdft_half	ksdft	1.06	abacus_reciprocal_restart_little_endian	runs/S1-20260805-048/OUT.s1_al_v106_ksdft_half/s1_al_v106_ksdft_half-CHARGE-DENSITY.restart	db90ddcb457d2f17676f85fe0d0099d429ef1ce80ff26feb5df4ab9942088c82	3.0	3.000000000028997	9.665608479337744e-12	9.665608479337744e-12	True			not_applicable_existing_density	r1_existing_ks_density	not_applicable_existing_density			True
S1-20260805-049		primary_baseline	al	ksdft_half	ksdft	1.1000000000000005	abacus_reciprocal_restart_little_endian	runs/S1-20260805-049/OUT.s1_al_v110_ksdft_half/s1_al_v110_ksdft_half-CHARGE-DENSITY.restart	201f70625c6f45b308a3af8fdaa42149ca947195d74c6e608e659b64c38222fd	3.0	3.0000000000162377	5.4125455592921494e-12	5.4125455592921494e-12	True			not_applicable_existing_density	r1_existing_ks_density	not_applicable_existing_density			True
S1-20260805-050	S1-20260805-128	primary_baseline	mg	ofdft	ofdft	0.9	abacus_cube_text_bohr_minus_3	runs/S1-20260805-128/OUT.g1_ne_128_from_050/chg.cube	43673b8ab361e25794b9b9b04422f5fef8a30e20704279a3883bfaa70f28fb4e	4.0	3.999999999999999	2.7129875848086705e-16	2.745852962158033e-16	True	0.0	0.0	True	r1_reused_accepted_ofdft	True	4	12	True
S1-20260805-051	S1-20260805-129	primary_baseline	mg	ofdft	ofdft	0.9400000000000002	abacus_cube_text_bohr_minus_3	runs/S1-20260805-129/OUT.g1_ne_129_from_051/chg.cube	dd34b491d1d6db56fe53555d1f13322440d5f079cc8c3815879fc3e1428e22e5	4.0	3.9999999999999996	1.5139042192975388e-16	1.548230280084651e-16	True	0.0	0.0	True	r1_reused_accepted_ofdft	True	4	12	True
S1-20260805-052	S1-20260805-130	primary_baseline	mg	ofdft	ofdft	0.9700000000000002	abacus_cube_text_bohr_minus_3	runs/S1-20260805-130/OUT.g1_ne_130_from_052/chg.cube	fbd249a68496f0627210015bed1d765178ef391cbf8d1700f7e7e625ea354da1	4.0	4.0	5.875013698926352e-18	9.415190147779405e-18	True	0.0	0.0	True	r2_executed_ofdft	True	4	12	True
S1-20260805-053	S1-20260805-131	primary_baseline	mg	ofdft	ofdft	1.0	abacus_cube_text_bohr_minus_3	runs/S1-20260805-131/OUT.g1_ne_131_from_053/chg.cube	7f327f4a342885c54526c8e2d3b5b83e28933ebd304c9565ff9fceac8b440817	4.0	3.999999999999999	2.1023715207848126e-16	2.1387558668318385e-16	True	0.0	0.0	True	r2_executed_ofdft	True	4	12	True
S1-20260805-054	S1-20260805-132	primary_baseline	mg	ofdft	ofdft	1.03	abacus_cube_text_bohr_minus_3	runs/S1-20260805-132/OUT.g1_ne_132_from_054/chg.cube	cfe10a8cde1775857eb42902275376be7c84181fa7cb4789da1cc36cdcfd6269	4.0	3.9999999999999996	1.3616412896425363e-16	1.39870349409543e-16	True	0.0	0.0	True	r2_executed_ofdft	True	4	12	True
S1-20260805-055	S1-20260805-133	primary_baseline	mg	ofdft	ofdft	1.06	abacus_cube_text_bohr_minus_3	runs/S1-20260805-133/OUT.g1_ne_133_from_055/chg.cube	2d988f7bcf24da14d9bb05afa0fa62c676527146a4aee2d23a091118f94df2e2	4.0	4.000000000000001	1.8287251755106764e-16	1.866231888438195e-16	True	0.0	0.0	True	r2_executed_ofdft	True	4	12	True
S1-20260805-056	S1-20260805-134	primary_baseline	mg	ofdft	ofdft	1.1000000000000003	abacus_cube_text_bohr_minus_3	runs/S1-20260805-134/OUT.g1_ne_134_from_056/chg.cube	0b9d7d56da2d98e2dd421fb72423c2cf361cce6397942aa1221007da6dd40790	4.0	3.9999999999999996	6.318105032495862e-17	6.695120375024306e-17	True	0.0	0.0	True	r2_executed_ofdft	True	4	12	True
S1-20260805-057		primary_baseline	mg	ksdft_standard	ksdft	0.9	abacus_reciprocal_restart_little_endian	runs/S1-20260805-057/OUT.s1_mg_v090_ksdft_standard/s1_mg_v090_ksdft_standard-CHARGE-DENSITY.restart	098802cc17887c748ef076c47a20218745dd2a8023730097b3d8186cbde38404	4.0	4.000000000006983	1.7456698746306696e-12	1.7456698746306696e-12	True			not_applicable_existing_density	r1_existing_ks_density	not_applicable_existing_density			True
S1-20260805-058		primary_baseline	mg	ksdft_standard	ksdft	0.9400000000000002	abacus_reciprocal_restart_little_endian	runs/S1-20260805-058/OUT.s1_mg_v094_ksdft_standard/s1_mg_v094_ksdft_standard-CHARGE-DENSITY.restart	e07921b0f97c069baf344a9c3549ef149611cfde0bbf026e52768d9fc5b00f5a	4.0	4.0000000000271525	6.788084748811045e-12	6.788084748811045e-12	True			not_applicable_existing_density	r1_existing_ks_density	not_applicable_existing_density			True
S1-20260805-059		primary_baseline	mg	ksdft_standard	ksdft	0.9700000000000002	abacus_reciprocal_restart_little_endian	runs/S1-20260805-059/OUT.s1_mg_v097_ksdft_standard/s1_mg_v097_ksdft_standard-CHARGE-DENSITY.restart	27c6ef6859b38305cc56f3f24837e81e70ab8aaf27ef77efd150fd925bbc4a45	4.0	4.0000000000005	1.249496889760396e-13	1.249496889760396e-13	True			not_applicable_existing_density	r1_existing_ks_density	not_applicable_existing_density			True
S1-20260805-060		primary_baseline	mg	ksdft_standard	ksdft	1.0	abacus_reciprocal_restart_little_endian	runs/S1-20260805-060/OUT.s1_mg_v100_ksdft_standard/s1_mg_v100_ksdft_standard-CHARGE-DENSITY.restart	4ec78ef9618ffc651bfbbf8a01724983f6d498723fc341b84581c176fbba56e1	4.0	4.0000000000034035	8.509112718911686e-13	8.509112718911686e-13	True			not_applicable_existing_density	r1_existing_ks_density	not_applicable_existing_density			True
S1-20260805-061		primary_baseline	mg	ksdft_standard	ksdft	1.03	abacus_reciprocal_restart_little_endian	runs/S1-20260805-061/OUT.s1_mg_v103_ksdft_standard/s1_mg_v103_ksdft_standard-CHARGE-DENSITY.restart	01f4a2b5a3b0e632e520fe874c436a3be67b586ffae97f9e773bd8e5e31b78b4	4.0	3.99999999999335	1.662486513245998e-12	1.662486513245998e-12	True			not_applicable_existing_density	r1_existing_ks_density	not_applicable_existing_density			True
S1-20260805-062		primary_baseline	mg	ksdft_standard	ksdft	1.06	abacus_reciprocal_restart_little_endian	runs/S1-20260805-062/OUT.s1_mg_v106_ksdft_standard/s1_mg_v106_ksdft_standard-CHARGE-DENSITY.restart	8847e46bc660ea461dc5751a1b9b94d1206321a469b51a168be9f3c25c1e4a34	4.0	4.000000000010486	2.6215156472290393e-12	2.6215156472290393e-12	True			not_applicable_existing_density	r1_existing_ks_density	not_applicable_existing_density			True
S1-20260805-063		primary_baseline	mg	ksdft_standard	ksdft	1.1000000000000003	abacus_reciprocal_restart_little_endian	runs/S1-20260805-063/OUT.s1_mg_v110_ksdft_standard/s1_mg_v110_ksdft_standard-CHARGE-DENSITY.restart	f8eb75d60435d534dc5c46546f2b3d9d7109a9d441421098cf773c14de10d0f2	4.0	3.9999999999985527	3.618183288753943e-13	3.618183288753943e-13	True			not_applicable_existing_density	r1_existing_ks_density	not_applicable_existing_density			True
S1-20260805-064		primary_baseline	mg	ksdft_half	ksdft	0.9	abacus_reciprocal_restart_little_endian	runs/S1-20260805-064/OUT.s1_mg_v090_ksdft_half/s1_mg_v090_ksdft_half-CHARGE-DENSITY.restart	ee46c671b6745a8fc1afdbbd0856e5f87bb852d9177cf208af71794ed2b7fa65	4.0	4.0000000000066915	1.6729457414727286e-12	1.6729457414727286e-12	True			not_applicable_existing_density	r1_existing_ks_density	not_applicable_existing_density			True
S1-20260805-065		primary_baseline	mg	ksdft_half	ksdft	0.9400000000000002	abacus_reciprocal_restart_little_endian	runs/S1-20260805-065/OUT.s1_mg_v094_ksdft_half/s1_mg_v094_ksdft_half-CHARGE-DENSITY.restart	2eb8c890bdc3f8571d3d3846645e553980b2f99c193c16dc59d43b30dba07c42	4.0	4.000000000019098	4.774475116660255e-12	4.774475116660255e-12	True			not_applicable_existing_density	r1_existing_ks_density	not_applicable_existing_density			True
S1-20260805-066		primary_baseline	mg	ksdft_half	ksdft	0.9700000000000002	abacus_reciprocal_restart_little_endian	runs/S1-20260805-066/OUT.s1_mg_v097_ksdft_half/s1_mg_v097_ksdft_half-CHARGE-DENSITY.restart	8970e6f8181ae9c1f2c6e86df9c7d3d162a74918631f5e36fbdc2a878cf3f7f5	4.0	3.999999999987473	3.1316658331860376e-12	3.1316658331860376e-12	True			not_applicable_existing_density	r1_existing_ks_density	not_applicable_existing_density			True
S1-20260805-067		primary_baseline	mg	ksdft_half	ksdft	1.0	abacus_reciprocal_restart_little_endian	runs/S1-20260805-067/OUT.s1_mg_v100_ksdft_half/s1_mg_v100_ksdft_half-CHARGE-DENSITY.restart	77240d6aa235494c95efb99624513bead6a87f728638e11316ea4bb4b5c9620b	4.0	3.999999999993646	1.5884623827818574e-12	1.5884623827818574e-12	True			not_applicable_existing_density	r1_existing_ks_density	not_applicable_existing_density			True
S1-20260805-068		primary_baseline	mg	ksdft_half	ksdft	1.03	abacus_reciprocal_restart_little_endian	runs/S1-20260805-068/OUT.s1_mg_v103_ksdft_half/s1_mg_v103_ksdft_half-CHARGE-DENSITY.restart	2ea26e52cf2d0f474be5b3c3e55484f2afe2b92ffe3004721872c76ef48ccaac	4.0	3.999999999992823	1.7941952781609225e-12	1.7941952781609225e-12	True			not_applicable_existing_density	r1_existing_ks_density	not_applicable_existing_density			True
S1-20260805-069		primary_baseline	mg	ksdft_half	ksdft	1.06	abacus_reciprocal_restart_little_endian	runs/S1-20260805-069/OUT.s1_mg_v106_ksdft_half/s1_mg_v106_ksdft_half-CHARGE-DENSITY.restart	db3d8079c6d092fff243621938b19f00bc6bf15737e812108c7737aa01a1233a	4.0	4.00000000001361	3.4023410342721858e-12	3.4023410342721858e-12	True			not_applicable_existing_density	r1_existing_ks_density	not_applicable_existing_density			True
S1-20260805-070		primary_baseline	mg	ksdft_half	ksdft	1.1000000000000003	abacus_reciprocal_restart_little_endian	runs/S1-20260805-070/OUT.s1_mg_v110_ksdft_half/s1_mg_v110_ksdft_half-CHARGE-DENSITY.restart	751ba516346d120d17ee86d61714831c117dbc3d15ab3b839ac6a88c8f50eee4	4.0	4.000000000006458	1.614452507784952e-12	1.614452507784952e-12	True			not_applicable_existing_density	r1_existing_ks_density	not_applicable_existing_density			True
S1-20260805-071	S1-20260805-135	primary_baseline	al	ofdft_next_cutoff	ofdft	0.9	abacus_cube_text_bohr_minus_3	runs/S1-20260805-135/OUT.g1_ne_135_from_071/chg.cube	c37557f9ca51e58b6f06c660acd6f754f9e109f10cdb3c4f9c2b29d0dde94513	3.0	3.0	7.160161730937315e-17	7.325718328121943e-17	True	0.0	0.0	True	r2_executed_ofdft	True	4	12	True
S1-20260805-072	S1-20260805-136	primary_baseline	al	ofdft_next_cutoff	ofdft	0.9400000000000002	abacus_cube_text_bohr_minus_3	runs/S1-20260805-136/OUT.g1_ne_136_from_072/chg.cube	4aeb2311bdbbc87adf8b8139ff0a48461780dd98ae400fae9ca85e1e8c2aba34	3.0	3.0000000000000004	1.3682502372440001e-16	1.385541704061061e-16	True	0.0	0.0	True	r2_executed_ofdft	True	4	12	True
S1-20260805-073	S1-20260805-137	primary_baseline	al	ofdft_next_cutoff	ofdft	0.9700000000000003	abacus_cube_text_bohr_minus_3	runs/S1-20260805-137/OUT.g1_ne_137_from_073/chg.cube	e00ccbb841ca612eddeb54de41d9adec430551249563dd9fdd462e644f209bb4	3.0	2.9999999999999996	1.18417521616717e-16	1.2020185383081796e-16	True	0.0	0.0	True	r2_executed_ofdft	True	4	12	True
S1-20260805-074	S1-20260805-138	primary_baseline	al	ofdft_next_cutoff	ofdft	1.0	abacus_cube_text_bohr_minus_3	runs/S1-20260805-138/OUT.g1_ne_138_from_074/chg.cube	301270f66b8b3e77420bc7bad402a741c28597c49bfc284758de38336c208ffd	3.0	2.9999999999999996	1.831648662088066e-16	1.850144705411562e-16	True	0.0	0.0	True	r2_executed_ofdft	True	4	12	True
S1-20260805-075	S1-20260805-139	primary_baseline	al	ofdft_next_cutoff	ofdft	1.03	abacus_cube_text_bohr_minus_3	runs/S1-20260805-139/OUT.g1_ne_139_from_075/chg.cube	a56d76c3fea631cf461c8b679c6ffe4b0bf3276a9ef2d082a39412cd40f5f084	3.0	3.0000000000000004	1.4069298042300473e-16	1.425980728853248e-16	True	0.0	0.0	True	r2_executed_ofdft	True	4	12	True
S1-20260805-076	S1-20260805-140	primary_baseline	al	ofdft_next_cutoff	ofdft	1.06	abacus_cube_text_bohr_minus_3	runs/S1-20260805-140/OUT.g1_ne_140_from_076/chg.cube	4d066614ba119c4c355e26bbbecbfd40f3c690a9e46901e7b8e46c987e9f138c	3.0	2.999999999999999	2.532933697467963e-16	2.5525395033908687e-16	True	0.0	0.0	True	r2_executed_ofdft	True	4	12	True
S1-20260805-077	S1-20260805-141	primary_baseline	al	ofdft_next_cutoff	ofdft	1.1000000000000005	abacus_cube_text_bohr_minus_3	runs/S1-20260805-141/OUT.g1_ne_141_from_077/chg.cube	2f5c21e2dd38ad603838cc592a53653657e4f36ff8ef7f1893d9c7a67c263e22	3.0	2.9999999999999996	9.821932150196892e-17	1.0025388626755347e-16	True	0.0	0.0	True	r2_executed_ofdft	True	4	12	True
S1-20260805-078		primary_baseline	al	ksdft_next_cutoff	ksdft	0.9	abacus_reciprocal_restart_little_endian	runs/S1-20260805-078/OUT.s1_al_v090_ksdft_next_cutoff/s1_al_v090_ksdft_next_cutoff-CHARGE-DENSITY.restart	2caabe1d05cffc3d290c1f58cbb158b3db63b2de4e62a54a1da2e17bed23c5c6	3.0	2.9999999999775775	7.474129011105465e-12	7.474129011105465e-12	True			not_applicable_existing_density	r1_existing_ks_density	not_applicable_existing_density			True
S1-20260805-079		primary_baseline	al	ksdft_next_cutoff	ksdft	0.9400000000000002	abacus_reciprocal_restart_little_endian	runs/S1-20260805-079/OUT.s1_al_v094_ksdft_next_cutoff/s1_al_v094_ksdft_next_cutoff-CHARGE-DENSITY.restart	42a32e6e7bbff58c23869ad2bd08b3e78ac884154700a491469c41ef9414a356	3.0	3.000000000001853	6.176997285530359e-13	6.176997285530359e-13	True			not_applicable_existing_density	r1_existing_ks_density	not_applicable_existing_density			True
S1-20260805-080		primary_baseline	al	ksdft_next_cutoff	ksdft	0.9700000000000003	abacus_reciprocal_restart_little_endian	runs/S1-20260805-080/OUT.s1_al_v097_ksdft_next_cutoff/s1_al_v097_ksdft_next_cutoff-CHARGE-DENSITY.restart	a60884545a28931e9e2522012b98c54988759ccc5ddba39077a93a2ea0ced85b	3.0	3.0000000000129683	4.3227475254114195e-12	4.3227475254114195e-12	True			not_applicable_existing_density	r1_existing_ks_density	not_applicable_existing_density			True
S1-20260805-081		primary_baseline	al	ksdft_next_cutoff	ksdft	1.0	abacus_reciprocal_restart_little_endian	runs/S1-20260805-081/OUT.s1_al_v100_ksdft_next_cutoff/s1_al_v100_ksdft_next_cutoff-CHARGE-DENSITY.restart	645ce26f2cca7f16dcfc9aa08858f03153f4d6161377bf021164c20647a80545	3.0	2.9999999999943556	1.8814343657778547e-12	1.8814343657778547e-12	True			not_applicable_existing_density	r1_existing_ks_density	not_applicable_existing_density			True
S1-20260805-082		primary_baseline	al	ksdft_next_cutoff	ksdft	1.03	abacus_reciprocal_restart_little_endian	runs/S1-20260805-082/OUT.s1_al_v103_ksdft_next_cutoff/s1_al_v103_ksdft_next_cutoff-CHARGE-DENSITY.restart	c3bd5aa2ce517f876eab39691227797e55e05054855eec8a28e065fd22b069f1	3.0	3.0000000000210387	7.012942286070634e-12	7.012942286070634e-12	True			not_applicable_existing_density	r1_existing_ks_density	not_applicable_existing_density			True
S1-20260805-083		primary_baseline	al	ksdft_next_cutoff	ksdft	1.06	abacus_reciprocal_restart_little_endian	runs/S1-20260805-083/OUT.s1_al_v106_ksdft_next_cutoff/s1_al_v106_ksdft_next_cutoff-CHARGE-DENSITY.restart	b642e1e37322f3a5d4e2b4736e671fab6d174efd9b79a6449ae3b3351a372406	3.0	2.999999999999659	1.1375587233162778e-13	1.1375587233162778e-13	True			not_applicable_existing_density	r1_existing_ks_density	not_applicable_existing_density			True
S1-20260805-084		primary_baseline	al	ksdft_next_cutoff	ksdft	1.1000000000000005	abacus_reciprocal_restart_little_endian	runs/S1-20260805-084/OUT.s1_al_v110_ksdft_next_cutoff/s1_al_v110_ksdft_next_cutoff-CHARGE-DENSITY.restart	bc7d14f5b062285a99775783ed4a16c7e09bb341ca52917ff5d0afeecacbc2b7	3.0	2.9999999999899343	3.355186959005912e-12	3.355186959005912e-12	True			not_applicable_existing_density	r1_existing_ks_density	not_applicable_existing_density			True
S1-20260805-085		primary_baseline	al	ksdft_next_kmesh	ksdft	0.9	abacus_reciprocal_restart_little_endian	runs/S1-20260805-085/OUT.s1_al_v090_ksdft_next_kmesh/s1_al_v090_ksdft_next_kmesh-CHARGE-DENSITY.restart	8f0a805424bff85cda80a14332fe85cb47dee707e853666122e97526d9e283ce	3.0	3.0000000000289893	9.663094353158925e-12	9.663094353158925e-12	True			not_applicable_existing_density	r1_existing_ks_density	not_applicable_existing_density			True
S1-20260805-086		primary_baseline	al	ksdft_next_kmesh	ksdft	0.9400000000000002	abacus_reciprocal_restart_little_endian	runs/S1-20260805-086/OUT.s1_al_v094_ksdft_next_kmesh/s1_al_v094_ksdft_next_kmesh-CHARGE-DENSITY.restart	d59df629bc8c3b53ddd67dd92c95885eb68a33eb8015b591184c1d273f41d398	3.0	3.000000000002678	8.925572498748978e-13	8.925572498748978e-13	True			not_applicable_existing_density	r1_existing_ks_density	not_applicable_existing_density			True
S1-20260805-087		primary_baseline	al	ksdft_next_kmesh	ksdft	0.9700000000000003	abacus_reciprocal_restart_little_endian	runs/S1-20260805-087/OUT.s1_al_v097_ksdft_next_kmesh/s1_al_v097_ksdft_next_kmesh-CHARGE-DENSITY.restart	a465479404bcbfcab73aa9543acb649e33cf9deb30d4ed37957dbfc631c8465e	3.0	3.000000000018663	6.220903219546184e-12	6.220903219546184e-12	True			not_applicable_existing_density	r1_existing_ks_density	not_applicable_existing_density			True
S1-20260805-088		primary_baseline	al	ksdft_next_kmesh	ksdft	1.0	abacus_reciprocal_restart_little_endian	runs/S1-20260805-088/OUT.s1_al_v100_ksdft_next_kmesh/s1_al_v100_ksdft_next_kmesh-CHARGE-DENSITY.restart	d0961169d5eea44f3b5bc54844de1ea8edb26961d3751b66aba92ed6df9d9993	3.0	3.0000000000042117	1.4039363008447474e-12	1.4039363008447474e-12	True			not_applicable_existing_density	r1_existing_ks_density	not_applicable_existing_density			True
S1-20260805-089		primary_baseline	al	ksdft_next_kmesh	ksdft	1.03	abacus_reciprocal_restart_little_endian	runs/S1-20260805-089/OUT.s1_al_v103_ksdft_next_kmesh/s1_al_v103_ksdft_next_kmesh-CHARGE-DENSITY.restart	9b77973d2302b708652f2a49a9e4316ffa8c4613ac40780810d15341323f4966	3.0	3.000000000010605	3.534893728517999e-12	3.534893728517999e-12	True			not_applicable_existing_density	r1_existing_ks_density	not_applicable_existing_density			True
S1-20260805-090		primary_baseline	al	ksdft_next_kmesh	ksdft	1.06	abacus_reciprocal_restart_little_endian	runs/S1-20260805-090/OUT.s1_al_v106_ksdft_next_kmesh/s1_al_v106_ksdft_next_kmesh-CHARGE-DENSITY.restart	2042c36777fd02a8eba8477c08cfd39574efbb1ded071de235220c36e326c5fe	3.0	3.0000000000181677	6.0558949465725254e-12	6.0558949465725254e-12	True			not_applicable_existing_density	r1_existing_ks_density	not_applicable_existing_density			True
S1-20260805-091		primary_baseline	al	ksdft_next_kmesh	ksdft	1.1000000000000005	abacus_reciprocal_restart_little_endian	runs/S1-20260805-091/OUT.s1_al_v110_ksdft_next_kmesh/s1_al_v110_ksdft_next_kmesh-CHARGE-DENSITY.restart	921e8468e0fc9189631a06774996c067fe3997a5aca22f8d52775dfc294b7034	3.0	3.0000000000110587	3.6862872811395095e-12	3.6862872811395095e-12	True			not_applicable_existing_density	r1_existing_ks_density	not_applicable_existing_density			True
S1-20260805-092	S1-20260805-142	primary_baseline	mg	ofdft_next_cutoff	ofdft	0.9	abacus_cube_text_bohr_minus_3	runs/S1-20260805-142/OUT.g1_ne_142_from_092/chg.cube	46d88be8aec6b7a8a556fe5326b442f68d17fb91a7f413ef6b89c690027be7e0	4.0	4.0	1.10947298381475e-16	1.1423159995968977e-16	True	0.0	0.0	True	r2_executed_ofdft	True	4	12	True
S1-20260805-093	S1-20260805-143	primary_baseline	mg	ofdft_next_cutoff	ofdft	0.9400000000000002	abacus_cube_text_bohr_minus_3	runs/S1-20260805-143/OUT.g1_ne_143_from_093/chg.cube	8c9e4ec8488973f842207b3be1cda599c28f1f60ab08e792b38c882f293dd772	4.0	4.0	8.812027598169062e-17	9.154881885812765e-17	True	0.0	0.0	True	r2_executed_ofdft	True	4	12	True
S1-20260805-094	S1-20260805-144	primary_baseline	mg	ofdft_next_cutoff	ofdft	0.9700000000000002	abacus_cube_text_bohr_minus_3	runs/S1-20260805-144/OUT.g1_ne_144_from_094/chg.cube	59035aa726ff8d09b6661976250e51024cbf5cac63451ea2525c5b542e9aff1a	4.0	3.999999999999999	2.7547671072782703e-16	2.790180891265063e-16	True	0.0	0.0	True	r2_executed_ofdft	True	4	12	True
S1-20260805-095	S1-20260805-145	primary_baseline	mg	ofdft_next_cutoff	ofdft	1.0	abacus_cube_text_bohr_minus_3	runs/S1-20260805-145/OUT.g1_ne_145_from_095/chg.cube	1240068bbf414a238da4c9a414751a2f0cdd865cd0220108f8f55ef849bd89bd	4.0	3.9999999999999987	3.188387649149464e-16	3.224824716488307e-16	True	0.0	0.0	True	r2_executed_ofdft	True	4	12	True
S1-20260805-096	S1-20260805-146	primary_baseline	mg	ofdft_next_cutoff	ofdft	1.03	abacus_cube_text_bohr_minus_3	runs/S1-20260805-146/OUT.g1_ne_146_from_096/chg.cube	0b99cb9f705c923db9c934f7f30d3f1e53780a7f87f409ac7f749d41d29377a7	4.0	4.000000000000001	2.311898871141021e-16	2.348941192415353e-16	True	0.0	0.0	True	r2_executed_ofdft	True	4	12	True
S1-20260805-097	S1-20260805-147	primary_baseline	mg	ofdft_next_cutoff	ofdft	1.06	abacus_cube_text_bohr_minus_3	runs/S1-20260805-147/OUT.g1_ne_147_from_097/chg.cube	b729d1ff840f3993b0cf347eb7ebe55495ad5fdc7f5a05887974dbce5e45ba4b	4.0	4.000000000000001	2.6847349636906126e-16	2.7222337567704766e-16	True	0.0	0.0	True	r2_executed_ofdft	True	4	12	True
S1-20260805-098	S1-20260805-148	primary_baseline	mg	ofdft_next_cutoff	ofdft	1.1000000000000003	abacus_cube_text_bohr_minus_3	runs/S1-20260805-148/OUT.g1_ne_148_from_098/chg.cube	c424f204ebee27463356dc00f66efbed857bc8ba4b3f953cc6b6108c94ea4661	4.0	4.0	9.660048947012598e-17	1.0038173623678117e-16	True	0.0	0.0	True	r2_executed_ofdft	True	4	12	True
S1-20260805-099		primary_baseline	mg	ksdft_next_cutoff	ksdft	0.9	abacus_reciprocal_restart_little_endian	runs/S1-20260805-099/OUT.s1_mg_v090_ksdft_next_cutoff/s1_mg_v090_ksdft_next_cutoff-CHARGE-DENSITY.restart	010b27a4bce755957f1d9031fe356de5303d0cfe5a8617782e177a45cb87a2da	4.0	3.999999999994542	1.3644499142770367e-12	1.3644499142770367e-12	True			not_applicable_existing_density	r1_existing_ks_density	not_applicable_existing_density			True
S1-20260805-100		primary_baseline	mg	ksdft_next_cutoff	ksdft	0.9400000000000002	abacus_reciprocal_restart_little_endian	runs/S1-20260805-100/OUT.s1_mg_v094_ksdft_next_cutoff/s1_mg_v094_ksdft_next_cutoff-CHARGE-DENSITY.restart	2349ee98b1ac12bbafc0be2a89b922fe1cc5831ec155fd2e05feb17740e60288	4.0	3.999999999986713	3.321777747988712e-12	3.321777747988712e-12	True			not_applicable_existing_density	r1_existing_ks_density	not_applicable_existing_density			True
S1-20260805-101		primary_baseline	mg	ksdft_next_cutoff	ksdft	0.9700000000000002	abacus_reciprocal_restart_little_endian	runs/S1-20260805-101/OUT.s1_mg_v097_ksdft_next_cutoff/s1_mg_v097_ksdft_next_cutoff-CHARGE-DENSITY.restart	ba33f49b6e417338fb71d0e2189e3f9916a43a0ee2ed53cd069869fc0fc7011a	4.0	3.9999999999959956	1.00114256653981e-12	1.00114256653981e-12	True			not_applicable_existing_density	r1_existing_ks_density	not_applicable_existing_density			True
S1-20260805-102		primary_baseline	mg	ksdft_next_cutoff	ksdft	1.0	abacus_reciprocal_restart_little_endian	runs/S1-20260805-102/OUT.s1_mg_v100_ksdft_next_cutoff/s1_mg_v100_ksdft_next_cutoff-CHARGE-DENSITY.restart	979c345174c637f4b26a00820858559d172161d086ddbbebdc023dd261f0c39c	4.0	4.000000000013845	3.461144468738482e-12	3.461144468738482e-12	True			not_applicable_existing_density	r1_existing_ks_density	not_applicable_existing_density			True
S1-20260805-103		primary_baseline	mg	ksdft_next_cutoff	ksdft	1.03	abacus_reciprocal_restart_little_endian	runs/S1-20260805-103/OUT.s1_mg_v103_ksdft_next_cutoff/s1_mg_v103_ksdft_next_cutoff-CHARGE-DENSITY.restart	fde3126e1786b2731770628dd7f9ec1a97e622c6256b89fa92d90186c1f77329	4.0	4.000000000000467	1.1670273876433096e-13	1.1670273876433096e-13	True			not_applicable_existing_density	r1_existing_ks_density	not_applicable_existing_density			True
S1-20260805-104		primary_baseline	mg	ksdft_next_cutoff	ksdft	1.06	abacus_reciprocal_restart_little_endian	runs/S1-20260805-104/OUT.s1_mg_v106_ksdft_next_cutoff/s1_mg_v106_ksdft_next_cutoff-CHARGE-DENSITY.restart	39d4680d0d986427d78dc78809b2d6faa6e073a033622a6ec1274dab894f516f	4.0	4.000000000001425	3.5618474594596835e-13	3.5618474594596835e-13	True			not_applicable_existing_density	r1_existing_ks_density	not_applicable_existing_density			True
S1-20260805-105		primary_baseline	mg	ksdft_next_cutoff	ksdft	1.1000000000000003	abacus_reciprocal_restart_little_endian	runs/S1-20260805-105/OUT.s1_mg_v110_ksdft_next_cutoff/s1_mg_v110_ksdft_next_cutoff-CHARGE-DENSITY.restart	0285de4cbdc0458f57d7c87de5372d0d8872dcd7c7cb47806a695acc260ca38e	4.0	3.9999999999908953	2.276138978030828e-12	2.276138978030828e-12	True			not_applicable_existing_density	r1_existing_ks_density	not_applicable_existing_density			True
S1-20260805-106		primary_baseline	mg	ksdft_next_kmesh	ksdft	0.9	abacus_reciprocal_restart_little_endian	runs/S1-20260805-106/OUT.s1_mg_v090_ksdft_next_kmesh/s1_mg_v090_ksdft_next_kmesh-CHARGE-DENSITY.restart	761df98f9c51746855567aa83867aef9189234d0598ca8583e14a4b69f911b56	4.0	3.9999999999981024	4.743750858961752e-13	4.743750858961752e-13	True			not_applicable_existing_density	r1_existing_ks_density	not_applicable_existing_density			True
S1-20260805-107		primary_baseline	mg	ksdft_next_kmesh	ksdft	0.9400000000000002	abacus_reciprocal_restart_little_endian	runs/S1-20260805-107/OUT.s1_mg_v094_ksdft_next_kmesh/s1_mg_v094_ksdft_next_kmesh-CHARGE-DENSITY.restart	272b94455f58afe127e969231b9ce52878eb5b175019da04d6bd9280431b3229	4.0	3.9999999999962657	9.336293076478116e-13	9.336293076478116e-13	True			not_applicable_existing_density	r1_existing_ks_density	not_applicable_existing_density			True
S1-20260805-108		primary_baseline	mg	ksdft_next_kmesh	ksdft	0.9700000000000002	abacus_reciprocal_restart_little_endian	runs/S1-20260805-108/OUT.s1_mg_v097_ksdft_next_kmesh/s1_mg_v097_ksdft_next_kmesh-CHARGE-DENSITY.restart	5ecc1d375b30d3741aa2bea0a0a320d0594bbf182a940c99098e5f195239305c	4.0	4.000000000020631	5.157661034813221e-12	5.157661034813221e-12	True			not_applicable_existing_density	r1_existing_ks_density	not_applicable_existing_density			True
S1-20260805-109		primary_baseline	mg	ksdft_next_kmesh	ksdft	1.0	abacus_reciprocal_restart_little_endian	runs/S1-20260805-109/OUT.s1_mg_v100_ksdft_next_kmesh/s1_mg_v100_ksdft_next_kmesh-CHARGE-DENSITY.restart	24460440c042891c44ecca26ec2d081f150784f60da4a9d5ac9c30471789042a	4.0	4.000000000013211	3.30266408129179e-12	3.30266408129179e-12	True			not_applicable_existing_density	r1_existing_ks_density	not_applicable_existing_density			True
S1-20260805-110		primary_baseline	mg	ksdft_next_kmesh	ksdft	1.03	abacus_reciprocal_restart_little_endian	runs/S1-20260805-110/OUT.s1_mg_v103_ksdft_next_kmesh/s1_mg_v103_ksdft_next_kmesh-CHARGE-DENSITY.restart	52d1371d1071d1369011d5773ddc9efd3a082ded8c41c6e040c644df34323f71	4.0	3.9999999999995732	1.0664169876161522e-13	1.0664169876161522e-13	True			not_applicable_existing_density	r1_existing_ks_density	not_applicable_existing_density			True
S1-20260805-111		primary_baseline	mg	ksdft_next_kmesh	ksdft	1.06	abacus_reciprocal_restart_little_endian	runs/S1-20260805-111/OUT.s1_mg_v106_ksdft_next_kmesh/s1_mg_v106_ksdft_next_kmesh-CHARGE-DENSITY.restart	ba326d62ff653aaf52392613b30bfcbb7c8d0d05a1c27fdfc5f2361017454858	4.0	4.000000000032394	8.098396506079046e-12	8.098396506079046e-12	True			not_applicable_existing_density	r1_existing_ks_density	not_applicable_existing_density			True
S1-20260805-112		primary_baseline	mg	ksdft_next_kmesh	ksdft	1.1000000000000003	abacus_reciprocal_restart_little_endian	runs/S1-20260805-112/OUT.s1_mg_v110_ksdft_next_kmesh/s1_mg_v110_ksdft_next_kmesh-CHARGE-DENSITY.restart	682e7051d652f37275992b612f3fa133293526cdf87413405b92f86912c61477	4.0	3.9999999999819664	4.5084406620846666e-12	4.5084406620846666e-12	True			not_applicable_existing_density	r1_existing_ks_density	not_applicable_existing_density			True
S1-20260805-113	S1-20260805-119	supplemental_runtime_replay	al	ofdft_next_cutoff	ofdft	1.0	abacus_cube_text_bohr_minus_3	runs/S1-20260805-119/OUT.g1_ne_119_from_113/chg.cube	301270f66b8b3e77420bc7bad402a741c28597c49bfc284758de38336c208ffd	3.0	2.9999999999999996	1.831648662088066e-16	1.850144705411562e-16	True	0.0	0.0	True	r1_reused_accepted_ofdft	True	4	12	True
S1-20260805-114		supplemental_runtime_replay	al	ksdft_next_cutoff	ksdft	1.0	abacus_reciprocal_restart_little_endian	runs/S1-20260805-114/OUT.s1_al_v100_ksdft_next_cutoff/s1_al_v100_ksdft_next_cutoff-CHARGE-DENSITY.restart	645ce26f2cca7f16dcfc9aa08858f03153f4d6161377bf021164c20647a80545	3.0	2.9999999999943556	1.8814343657778547e-12	1.8814343657778547e-12	True			not_applicable_existing_density	r1_existing_ks_density	not_applicable_existing_density			True
S1-20260805-115		supplemental_runtime_replay	al	ksdft_next_kmesh	ksdft	1.0	abacus_reciprocal_restart_little_endian	runs/S1-20260805-115/OUT.s1_al_v100_ksdft_next_kmesh/s1_al_v100_ksdft_next_kmesh-CHARGE-DENSITY.restart	d0961169d5eea44f3b5bc54844de1ea8edb26961d3751b66aba92ed6df9d9993	3.0	3.0000000000042117	1.4039363008447474e-12	1.4039363008447474e-12	True			not_applicable_existing_density	r1_existing_ks_density	not_applicable_existing_density			True
S1-20260805-116	S1-20260805-120	supplemental_runtime_replay	mg	ofdft_next_cutoff	ofdft	1.0	abacus_cube_text_bohr_minus_3	runs/S1-20260805-120/OUT.g1_ne_120_from_116/chg.cube	1240068bbf414a238da4c9a414751a2f0cdd865cd0220108f8f55ef849bd89bd	4.0	3.9999999999999987	3.188387649149464e-16	3.224824716488307e-16	True	0.0	0.0	True	r1_reused_accepted_ofdft	True	4	12	True
S1-20260805-117		supplemental_runtime_replay	mg	ksdft_next_cutoff	ksdft	1.0	abacus_reciprocal_restart_little_endian	runs/S1-20260805-117/OUT.s1_mg_v100_ksdft_next_cutoff/s1_mg_v100_ksdft_next_cutoff-CHARGE-DENSITY.restart	979c345174c637f4b26a00820858559d172161d086ddbbebdc023dd261f0c39c	4.0	4.000000000013845	3.461144468738482e-12	3.461144468738482e-12	True			not_applicable_existing_density	r1_existing_ks_density	not_applicable_existing_density			True
S1-20260805-118		supplemental_runtime_replay	mg	ksdft_next_kmesh	ksdft	1.0	abacus_reciprocal_restart_little_endian	runs/S1-20260805-118/OUT.s1_mg_v100_ksdft_next_kmesh/s1_mg_v100_ksdft_next_kmesh-CHARGE-DENSITY.restart	24460440c042891c44ecca26ec2d081f150784f60da4a9d5ac9c30471789042a	4.0	4.000000000013211	3.30266408129179e-12	3.30266408129179e-12	True			not_applicable_existing_density	r1_existing_ks_density	not_applicable_existing_density			True
