relative_path	sha256	size_bytes
attempts/S1-G1-REGEN10-20260810-011.json	54d2c12398e78ed890de848ec8544710af7a982844570f492112f7ed929e384b	730
attempts/S1-G1-REGEN10-20260810-012.json	c97b8e7a15f02dd3ddc66f1d83f218cdb37e1d62b338f319fb97aa9f43af1d35	730
attempts/S1-G1-REGEN10-20260810-013.json	7e6d31f1eff5dd6622b66cb4bdce20c29477a29ae257fd6766e952797ab65097	730
attempts/S1-G1-REGEN10-20260810-014.json	c3fbedfaa6d4cce1256d0bea6f6a77fffae9810f8b0f6ade29088008db9e62c8	730
attempts/S1-G1-REGEN10-20260810-015.json	9617bf80541a0db15618263702c521168b4c17fc696e3161ac84cb926aec616d	730
attempts/S1-G1-REGEN10-20260810-016.json	86672ded22e68f677938a805d1871e59ee6098c17a5f367aa477f201ce0ff061	730
attempts/S1-G1-REGEN10-20260810-017.json	36b052d00e1d28be12679dc57e32d8afb6d98aba4c700da826d055044f802dd7	730
attempts/S1-G1-REGEN10-20260810-018.json	6db575474fb7ac9ad93ab04e1ff99abb6c1e16aad92080d90704140ae8843c08	730
attempts/S1-G1-REGEN10-20260810-019.json	bd8f76c0595f84b08c5bdbbc91f3a0b120deaf02d61560b78ec1e3b0f3fa3989	730
attempts/S1-G1-REGEN10-20260810-020.json	5b9606677be0897140bce734d19bb6e228f176b5ae40ba4e03b1a5b5ddcb214d	730
cases/S1-G1-REGEN10-20260810-011/INPUT	b7a5c1177c155e5a7a1ee79bb9128da0eb5be51e5535943da83f0cb61ebb50a7	400
cases/S1-G1-REGEN10-20260810-011/KPT	91042b39ee493cb5c1bee648adc865a2e5935a29278eb405dc009f994db55ece	29
cases/S1-G1-REGEN10-20260810-011/OUT.s1_al_v090_ofdft_next_cutoff/INPUT.info	ab328eee21198cbb6c1023fe6c40feda8dcea482fade01677c7016e4bc96b000	43574
cases/S1-G1-REGEN10-20260810-011/OUT.s1_al_v090_ofdft_next_cutoff/KPT.info	452499465d287a2280c553b60862c8f4e2efdc343b8c5799bc6cee2321370a4f	514
cases/S1-G1-REGEN10-20260810-011/OUT.s1_al_v090_ofdft_next_cutoff/STRU.cif	c92fcf1f97d924e358d193d84119d26256cd1a22173ae4d7bed0476df93b90b0	710
cases/S1-G1-REGEN10-20260810-011/OUT.s1_al_v090_ofdft_next_cutoff/running_scf.log	0774db0263f9af8b79c19b61ad92e4fea3f8535b244d94e1498705b2af33d049	17080
cases/S1-G1-REGEN10-20260810-011/OUT.s1_al_v090_ofdft_next_cutoff/warning.log	af727438244a248c7cd18fbf927b8dc0cec7806f709261c97f05c16e86461374	1190
cases/S1-G1-REGEN10-20260810-011/STRU	78f39f8f09367c41279248b1772a2dbe9dd77d2839931891ce5696b7ebac7fea	368
cases/S1-G1-REGEN10-20260810-011/al.gga.psp	d76ceac60058e230eac514fc419269433a33b199eb6abfa7d6ab43cde248bd1d	57493
cases/S1-G1-REGEN10-20260810-011/case_status.json	5b70ae647d2866750cb9d6b12e926a70296f93caa5934a3a8dfd594ee069429e	344
cases/S1-G1-REGEN10-20260810-011/input_metadata.json	70dd577902bbee42c9a181d4e0b348e6c790c80c6fc055ea68d1a7b4154df4d3	1568
cases/S1-G1-REGEN10-20260810-011/rank_proofs/EXEC.json	0772c4b94e49e4d8257f78c0b672936915101b3cabbc6c4b68b52ec6275b1493	967
cases/S1-G1-REGEN10-20260810-011/rank_proofs/GO.json	7a32b07b731c45f73226583b0327e67ac06fd3b5dc58e6c54d2003a6ed281106	548
cases/S1-G1-REGEN10-20260810-011/rank_proofs/rank-000.ack.json	458f1ad6bbf568faa023de6d58cd3ced84342968936653085fdef71eb95cd9f8	453
cases/S1-G1-REGEN10-20260810-011/rank_proofs/rank-000.proof.json	8871591065be3ee8f47bdab4e7e7cf270368bc9833bd697486244a0e5aecf4ed	884
cases/S1-G1-REGEN10-20260810-011/rank_proofs/rank-001.ack.json	868a26a5b57461c9e269e554391340bcdebcb60a33f4a0f6164fab64a27bb98b	453
cases/S1-G1-REGEN10-20260810-011/rank_proofs/rank-001.proof.json	a09b967b80e054b28875735556be66dfd8055685219b66505a088d1e755e8024	884
cases/S1-G1-REGEN10-20260810-011/rank_proofs/rank-002.ack.json	48cad824ee817f4c97809602c1bbe2620ef961c87277e8f2860b948b5bf2013d	453
cases/S1-G1-REGEN10-20260810-011/rank_proofs/rank-002.proof.json	eae7bed4ddb2d9a76630e7d41a35acc7c3c1cc3150e5eb9357e6cdcca94afcde	884
cases/S1-G1-REGEN10-20260810-011/rank_proofs/rank-003.ack.json	59d40548022f279d3d8c5114188ebb5d33dfc74d851f54e617a2ff1ab752a206	453
cases/S1-G1-REGEN10-20260810-011/rank_proofs/rank-003.proof.json	816cc21b2db76a494b8b50505512d42a67290c8f1ef7e5a84f82d26984c12a51	884
cases/S1-G1-REGEN10-20260810-011/resource_usage.txt	4b1476277428a61a9264121816bff641440f454acdbf133859c4fbcb0895e82f	1278
cases/S1-G1-REGEN10-20260810-011/result.json	9045f6337faf968b24b9eb42df1248ea29d27d84a84c5065a0f5da4b938f5066	659
cases/S1-G1-REGEN10-20260810-011/run.stderr	721dabdad12126206605b2410a2b921356b12f68e77d4c8c9614506f712aa031	102
cases/S1-G1-REGEN10-20260810-011/run.stdout	2b046584ae4634ce58bd5c0639a83ef49504fc7d7adcff4af5aa47ea8435b1ab	6405
cases/S1-G1-REGEN10-20260810-011/runtime_metadata.json	fffaaa8f371809b3e5ffc501099d47a8cf54720f25a94e84ce1270836851692f	17735
cases/S1-G1-REGEN10-20260810-011/scientific_result.json	ee93ffaf15fd3fb3de9f43328a233c2647e8a0351a01b4bede94339e424a0ce5	20335
cases/S1-G1-REGEN10-20260810-012/INPUT	8f5a3263be8fc02291a6d5379c0bd09b44f41836a078c3cffe7126c2418cd01f	400
cases/S1-G1-REGEN10-20260810-012/KPT	91042b39ee493cb5c1bee648adc865a2e5935a29278eb405dc009f994db55ece	29
cases/S1-G1-REGEN10-20260810-012/OUT.s1_al_v110_ofdft_next_cutoff/INPUT.info	9309505ad305532940d36d6b52219e051059211ee35f300af87cf26a0d600919	43574
cases/S1-G1-REGEN10-20260810-012/OUT.s1_al_v110_ofdft_next_cutoff/KPT.info	452499465d287a2280c553b60862c8f4e2efdc343b8c5799bc6cee2321370a4f	514
cases/S1-G1-REGEN10-20260810-012/OUT.s1_al_v110_ofdft_next_cutoff/STRU.cif	57a915e31018e568263ba09564895ea6fb5141d5b6198a76b0838ac282265127	710
cases/S1-G1-REGEN10-20260810-012/OUT.s1_al_v110_ofdft_next_cutoff/running_scf.log	b328b29155241f158f48c7f2fa33c819e629a8581590abb8538f81c24e318724	17525
cases/S1-G1-REGEN10-20260810-012/OUT.s1_al_v110_ofdft_next_cutoff/warning.log	f2c8af631ac099c68f68e51a011ec93d98d9da367939c1f21281e2031c9de472	1188
cases/S1-G1-REGEN10-20260810-012/STRU	c3bbf795bf196b357cd95e7d4ba619229ad687896346ffe1bfd19a3ed463cfb1	368
cases/S1-G1-REGEN10-20260810-012/al.gga.psp	d76ceac60058e230eac514fc419269433a33b199eb6abfa7d6ab43cde248bd1d	57493
cases/S1-G1-REGEN10-20260810-012/case_status.json	670693138fb6996872d350b68873ceb4965e343950de91d740044517801c6385	345
cases/S1-G1-REGEN10-20260810-012/input_metadata.json	a613b658e39c59d6837bfe9dbe84590a3b14ed2cc1d82b1ba5fe1fddbe7d4292	1583
cases/S1-G1-REGEN10-20260810-012/rank_proofs/EXEC.json	005eea4e1e8e901dd4e99cda94ad3c0d022c1a8b1fd516d5e8054d95003ae862	967
cases/S1-G1-REGEN10-20260810-012/rank_proofs/GO.json	99f4283465163c455514587e159c969b1a71965ee676e8afee7bca54b5c38b6f	548
cases/S1-G1-REGEN10-20260810-012/rank_proofs/rank-000.ack.json	84be7eb904aa857f2b82cf4dcde130d9438dc73a8eea24cba3631e33c14e369b	453
cases/S1-G1-REGEN10-20260810-012/rank_proofs/rank-000.proof.json	0c67141f20616242e3bc43cc35ccdbd13d56b98cfb4a191672f2444d7f65ea3a	884
cases/S1-G1-REGEN10-20260810-012/rank_proofs/rank-001.ack.json	1a2d1dd174dcb6b992597618c7749a2a7b6a52cd2e79c0055a3abe52c2a56c44	453
cases/S1-G1-REGEN10-20260810-012/rank_proofs/rank-001.proof.json	78af03feb25496977a50185e08638dd59fcd7794d0c3b53b9fd8a2768c713b6a	884
cases/S1-G1-REGEN10-20260810-012/rank_proofs/rank-002.ack.json	9ada92b35857fafaffa3d39fe443660e4cb8e31172ef28acce2ec80611fe9c3e	453
cases/S1-G1-REGEN10-20260810-012/rank_proofs/rank-002.proof.json	17234f843ae1f7d84633d724be423eac465c48a3f8f5286dcbf2f99b73292f9c	884
cases/S1-G1-REGEN10-20260810-012/rank_proofs/rank-003.ack.json	6ddf770222c402c89973a81593c62c2ef7fd47086018150f412dad2cad58645d	453
cases/S1-G1-REGEN10-20260810-012/rank_proofs/rank-003.proof.json	3d0681f979433ae8be8bd19c889d3f2821fd54dc1bd2c23f7a0dba6be8dd8598	884
cases/S1-G1-REGEN10-20260810-012/resource_usage.txt	081178dbdba2fd5d7f02e6cebf512065ec09ae2f4ae48faca4771e1faef97c56	1278
cases/S1-G1-REGEN10-20260810-012/result.json	906f8396e3ea812f8b8b2a5d5bb5679169cd92a3c9574e402a1c89c90a8ab828	667
cases/S1-G1-REGEN10-20260810-012/run.stderr	721dabdad12126206605b2410a2b921356b12f68e77d4c8c9614506f712aa031	102
cases/S1-G1-REGEN10-20260810-012/run.stdout	6ae54c15bf3bacf2a9b8d665613e5799531394fa233ca7205b19375a05bf3dea	6483
cases/S1-G1-REGEN10-20260810-012/runtime_metadata.json	adf452b00967eb28d8d3130500d14f9c568b43c098739d6689bfd532cb05ce50	17402
cases/S1-G1-REGEN10-20260810-012/scientific_result.json	2edfc2b6459e04f9c366a38628f9fb1bdddee3a069245c53273fef574affe888	19990
cases/S1-G1-REGEN10-20260810-013/INPUT	da22228325ccee13e7705d5a7aa8f8270a07cca3edfd99eff010259f113337ff	395
cases/S1-G1-REGEN10-20260810-013/KPT	91042b39ee493cb5c1bee648adc865a2e5935a29278eb405dc009f994db55ece	29
cases/S1-G1-REGEN10-20260810-013/OUT.s1_mg_v090_ofdft_next_cutoff/INPUT.info	7a1a70cc840edf803b7d7e43cb880b7d1fa30e7531efb881755b45a575d273c8	43569
cases/S1-G1-REGEN10-20260810-013/OUT.s1_mg_v090_ofdft_next_cutoff/KPT.info	452499465d287a2280c553b60862c8f4e2efdc343b8c5799bc6cee2321370a4f	514
cases/S1-G1-REGEN10-20260810-013/OUT.s1_mg_v090_ofdft_next_cutoff/STRU.cif	456b6f2aaa15a0da56d996923c8c5dbae21806c3f089703ca3c65c1372236661	767
cases/S1-G1-REGEN10-20260810-013/OUT.s1_mg_v090_ofdft_next_cutoff/running_scf.log	37327a12adf318d404412761887fb06a2044782cc22356448a58e20f689e53c9	18504
cases/S1-G1-REGEN10-20260810-013/OUT.s1_mg_v090_ofdft_next_cutoff/warning.log	303f66f167c020ece7706a4b62164d410fb52ea87fc179c40d85e419f9c043ad	1292
cases/S1-G1-REGEN10-20260810-013/STRU	0e7bfc23e322646ef9a3a3ab3f83d913c6116b293baf0e8982368679601ebbd6	428
cases/S1-G1-REGEN10-20260810-013/case_status.json	c029de014b3136ae73d440c67177f785871621c52050e686a40ae556b0f614d2	344
cases/S1-G1-REGEN10-20260810-013/input_metadata.json	eb6cc6859f28e26fb4b366588ec862e00fcb61efc1469bbab67518e88fc710dc	1526
cases/S1-G1-REGEN10-20260810-013/mg.lda.lps	4b964580cfbd798708299bb0e0baef2f437983d29e6d7040f63b7532038b4259	69617
cases/S1-G1-REGEN10-20260810-013/rank_proofs/EXEC.json	c1ac00f7553a8afb44df8a162aa5afdb26ffb18006c618314382c176c5763645	967
cases/S1-G1-REGEN10-20260810-013/rank_proofs/GO.json	30ddc321ebdc35ed6f238af29820fa54bc4a68ec299c13b2f5a559960224675a	548
cases/S1-G1-REGEN10-20260810-013/rank_proofs/rank-000.ack.json	9fc76f83d0703adda95fc1cfb0e5b76bf9aae62637882b439272b70f7cedcaa0	453
cases/S1-G1-REGEN10-20260810-013/rank_proofs/rank-000.proof.json	4c4df6f7c2790d0c672805809eba241b4308aa4cc9eff263ffe7e85e9e4d3406	884
cases/S1-G1-REGEN10-20260810-013/rank_proofs/rank-001.ack.json	5e6ff03ed2af99bba77a72e3a69119739c161981c8abc69311847fd0c7e6f65b	453
cases/S1-G1-REGEN10-20260810-013/rank_proofs/rank-001.proof.json	1406afcd8394134ebeaef1fa7fb7001a8513a59ce88ba0369a0cd325235efbbd	884
cases/S1-G1-REGEN10-20260810-013/rank_proofs/rank-002.ack.json	808f0eded2ae877704fa2f79ce235910e0063a7b206773e256b38cee6ced5049	453
cases/S1-G1-REGEN10-20260810-013/rank_proofs/rank-002.proof.json	ecf571aca9bb4546f3887865169f5ae096d4222e166db4f886e0915fe10fd462	884
cases/S1-G1-REGEN10-20260810-013/rank_proofs/rank-003.ack.json	cc1c3fd16b4ccdabd90b13bed67220d193d55de7bde364e37af36281311a5ea6	453
cases/S1-G1-REGEN10-20260810-013/rank_proofs/rank-003.proof.json	944078fc9e2e65543ba2a2f320867452b2978f355bcd7ce9ef5f57547b3f45aa	884
cases/S1-G1-REGEN10-20260810-013/resource_usage.txt	20d9ac3c34c449510f3027acf63e7ceb381b5a6b6e8aac30e0b50fd2c9bd7090	1278
cases/S1-G1-REGEN10-20260810-013/result.json	cb8b8adab6b384d56346d50d55957da76171440470f88c7e5783d8d01c6f36f5	657
cases/S1-G1-REGEN10-20260810-013/run.stderr	721dabdad12126206605b2410a2b921356b12f68e77d4c8c9614506f712aa031	102
cases/S1-G1-REGEN10-20260810-013/run.stdout	5d9817ba9c7d13e4aee7a759ccda9749c5031213c7d0d13308e6811e4b66972e	6349
cases/S1-G1-REGEN10-20260810-013/runtime_metadata.json	a4b01e309441aaf0d5667c588d285e8eac7a8f08a2d15df5168b64f391f5aca2	17401
cases/S1-G1-REGEN10-20260810-013/scientific_result.json	8b58653bb385c909111f0c828721c2e36d0289063ee75dfeb5ac1e8b1628009f	19989
cases/S1-G1-REGEN10-20260810-014/INPUT	73304a0a635c14abcdadabf3ec5451f55c0f56c71e8c306436a9f598b17b576a	395
cases/S1-G1-REGEN10-20260810-014/KPT	91042b39ee493cb5c1bee648adc865a2e5935a29278eb405dc009f994db55ece	29
cases/S1-G1-REGEN10-20260810-014/OUT.s1_mg_v110_ofdft_next_cutoff/INPUT.info	30b0193c3918a7f4ad8c72ca7191ef973c813159e0c8176ce8bdcb602e577562	43569
cases/S1-G1-REGEN10-20260810-014/OUT.s1_mg_v110_ofdft_next_cutoff/KPT.info	452499465d287a2280c553b60862c8f4e2efdc343b8c5799bc6cee2321370a4f	514
cases/S1-G1-REGEN10-20260810-014/OUT.s1_mg_v110_ofdft_next_cutoff/STRU.cif	d6d4e253503f491ca78c85a3eb9023cc5c579e1c2457551354ac965d492d743f	767
cases/S1-G1-REGEN10-20260810-014/OUT.s1_mg_v110_ofdft_next_cutoff/running_scf.log	542039c719d3e5b1e8967f904ff496b96bf3ab1ac2bcfb675784196459a942ee	17635
cases/S1-G1-REGEN10-20260810-014/OUT.s1_mg_v110_ofdft_next_cutoff/warning.log	8a1536d40d87a978c1d0473798a9e76e15da852fd309f0c48de398a76c8fbbc5	1246
cases/S1-G1-REGEN10-20260810-014/STRU	2830ba604f066a34709da8abb3fa32449372e05b41c2715e999ffd0eeafb8512	428
cases/S1-G1-REGEN10-20260810-014/case_status.json	b020a77d48a47c7d9c95b475d2fd8c5ecfbfcdf783bba796c966edd1fe4346f0	344
cases/S1-G1-REGEN10-20260810-014/input_metadata.json	9442803c6b0b91bd570597008410f9b657b9024c10042d4a57038439534c353e	1545
cases/S1-G1-REGEN10-20260810-014/mg.lda.lps	4b964580cfbd798708299bb0e0baef2f437983d29e6d7040f63b7532038b4259	69617
cases/S1-G1-REGEN10-20260810-014/rank_proofs/EXEC.json	bffc93a7be667496206bac1ffeac09cf9cbae9c481e1e787697c72233d1213d5	967
cases/S1-G1-REGEN10-20260810-014/rank_proofs/GO.json	50d2487fc2b67b77b8e239f8d69f647c618631c71c2a8c2542e76c4a735c5a85	548
cases/S1-G1-REGEN10-20260810-014/rank_proofs/rank-000.ack.json	ade7c63d51364679d01adcd13483fd77a2386cd439a7a44b05ce711d4ee4ad9e	453
cases/S1-G1-REGEN10-20260810-014/rank_proofs/rank-000.proof.json	6a19a3b53da38fab6f6f5703bb8db5a4a621de72576bc0f834ebbf5cdc08c7ef	884
cases/S1-G1-REGEN10-20260810-014/rank_proofs/rank-001.ack.json	4d16c57509904f6dd6cccc1f1bc27ae2246d75482bceb8d91e77e5c54b9a4d8f	453
cases/S1-G1-REGEN10-20260810-014/rank_proofs/rank-001.proof.json	12db0bc1e726c1170ad81a661bcdcc86840ff5d7e4be783bd20ced1704444a0d	884
cases/S1-G1-REGEN10-20260810-014/rank_proofs/rank-002.ack.json	8790e9afa0a3911d0c22d3e3b8ef3716b7cb549498a15d5c11f36f05762e6771	453
cases/S1-G1-REGEN10-20260810-014/rank_proofs/rank-002.proof.json	d1c5a3ad469fb1938dac5f2660ceb4322029b6de2243658c7d1a7b3ef42cf880	884
cases/S1-G1-REGEN10-20260810-014/rank_proofs/rank-003.ack.json	d5b7c32f4be16feb6279fd7995dd1cfe44f77af7e1c055e35ce1e2e76ac647e9	453
cases/S1-G1-REGEN10-20260810-014/rank_proofs/rank-003.proof.json	a70facbdf0399041002f3647ed28b87a7944e930cbc98ae82c51b85901e0dbb6	884
cases/S1-G1-REGEN10-20260810-014/resource_usage.txt	b4e33e4244779461b501d8b79d05fd017e8c02f941e22ea12b6aa33c58936cb5	1278
cases/S1-G1-REGEN10-20260810-014/result.json	826b0e4b676ac76bea172b1816bd8a779a9d198f6816c5170d23600b91dd67f1	658
cases/S1-G1-REGEN10-20260810-014/run.stderr	721dabdad12126206605b2410a2b921356b12f68e77d4c8c9614506f712aa031	102
cases/S1-G1-REGEN10-20260810-014/run.stdout	71ea89c488efa6de7cde2633191720c7ec27d07a9b3bcc21f02126c95080379d	6195
cases/S1-G1-REGEN10-20260810-014/runtime_metadata.json	9e586584fd0ddab0aebf3a5dce6721c00cebc7f7c1bc72cefa93479572369f9e	17624
cases/S1-G1-REGEN10-20260810-014/scientific_result.json	5858cd9ddbdfbd773b21e851b8442ff75a2c05e7777a18e96dc5200eb96ecda5	20220
cases/S1-G1-REGEN10-20260810-015/INPUT	7562cb1441b4984b30ad07190a4de739f3342df77c60deb10f622624d3349216	372
cases/S1-G1-REGEN10-20260810-015/KPT	0903e64e14f6e451103ae0d60e2b3afe07dbbee7aaabff907df214bfd1eb0bc8	32
cases/S1-G1-REGEN10-20260810-015/OUT.g1tlr4_al_v090_quarter/INPUT.info	7b6a56b3a51a6df933d0e1c8e8812728f6dd33bfa54c4d3db28cf4dd182be315	43568
cases/S1-G1-REGEN10-20260810-015/OUT.g1tlr4_al_v090_quarter/KPT.info	b96ef4fef5a03a5e839148e19a722e3f8709699a350e2ad8a5de042429a8b8e4	2536048
cases/S1-G1-REGEN10-20260810-015/OUT.g1tlr4_al_v090_quarter/STRU.cif	c92fcf1f97d924e358d193d84119d26256cd1a22173ae4d7bed0476df93b90b0	710
cases/S1-G1-REGEN10-20260810-015/OUT.g1tlr4_al_v090_quarter/chg.cube	4508781596bc2cb772f5bad4593c2399c3b23473837ceff1b3e987e080aadef1	334367
cases/S1-G1-REGEN10-20260810-015/OUT.g1tlr4_al_v090_quarter/eig_occ.txt	54027ea660ccc1507196749af7e1d22ea1d37b6c44be2a798492981acfeb06e6	6507236
cases/S1-G1-REGEN10-20260810-015/OUT.g1tlr4_al_v090_quarter/g1tlr4_al_v090_quarter-CHARGE-DENSITY.restart	9ad804a27137f554a4369b98b08bcb64d61837e763c29b321d93af04687740b3	97528
cases/S1-G1-REGEN10-20260810-015/OUT.g1tlr4_al_v090_quarter/pot.cube	e857e8eee21e7b5a65437435c4800e6585445fe5fdc669eb9062918881e13792	346315
cases/S1-G1-REGEN10-20260810-015/OUT.g1tlr4_al_v090_quarter/running_scf.log	9ebc81764405a331bec7cd4eaa01387eb304e660a17f2342e26b7950331d134b	2438575
cases/S1-G1-REGEN10-20260810-015/OUT.g1tlr4_al_v090_quarter/warning.log	b4b6a97ad885b1afa5cfde53a871d556aca9159ea108731c64f6f101da3c2bbb	937
cases/S1-G1-REGEN10-20260810-015/STRU	78f39f8f09367c41279248b1772a2dbe9dd77d2839931891ce5696b7ebac7fea	368
cases/S1-G1-REGEN10-20260810-015/al.gga.psp	d76ceac60058e230eac514fc419269433a33b199eb6abfa7d6ab43cde248bd1d	57493
cases/S1-G1-REGEN10-20260810-015/case_status.json	f1ca991a2de830eaae174d4554e95b4b89ac804083c2c3b45a02220c9843f047	344
cases/S1-G1-REGEN10-20260810-015/input_metadata.json	07ef99bc02cc5e4cd7d6ceb242d018064ec26d01f67fc4cb7b73c75ad5fb863f	1035
cases/S1-G1-REGEN10-20260810-015/rank_proofs/EXEC.json	a12bd1d5cc6f2ca341706f3a06a199bb7f70c57fc0f7a42c6ef778e8d9043882	967
cases/S1-G1-REGEN10-20260810-015/rank_proofs/GO.json	fea19aaf8ac2d28fb5048ee89b4fc616605545c3fd2f7e793acb1a4472f7dfc7	548
cases/S1-G1-REGEN10-20260810-015/rank_proofs/rank-000.ack.json	b8e1a51e34619ae95da5d8aebac862ae13c9169775258c13f6594f9629a23778	453
cases/S1-G1-REGEN10-20260810-015/rank_proofs/rank-000.proof.json	714e3f4ff48c0926561711fa11120b8e46c086b38e79228447a213c96e48797a	884
cases/S1-G1-REGEN10-20260810-015/rank_proofs/rank-001.ack.json	201e520fd74631f6af1274b22c838823bab5c193f5b17d245708eee3f83083e5	453
cases/S1-G1-REGEN10-20260810-015/rank_proofs/rank-001.proof.json	5e94143def54361aeb93914a6adbdff9a3ba856012e56e095fb1ee045556bc26	884
cases/S1-G1-REGEN10-20260810-015/rank_proofs/rank-002.ack.json	49ce9ae690e0cb98ded1f6d3a0c18cb5dbe47dd82ffcbdb8d41faf865f5c80d5	453
cases/S1-G1-REGEN10-20260810-015/rank_proofs/rank-002.proof.json	d2105c01eaf78f4b6ca188caea8d635571c69189a8509f35501cd65d2c9a0252	884
cases/S1-G1-REGEN10-20260810-015/rank_proofs/rank-003.ack.json	63e67a0dbb46f17f582d51e111f0523d04e50512c97adceb994cd8f344051a2e	453
cases/S1-G1-REGEN10-20260810-015/rank_proofs/rank-003.proof.json	d838974b45f64525d6a09d5f2c907a9557000c996d25655dc4aa2f402cf89a67	884
cases/S1-G1-REGEN10-20260810-015/resource_usage.txt	4d3dd404c56b9658a42773c8010afde6d32defd92a11edbf8affcf81370847f2	1284
cases/S1-G1-REGEN10-20260810-015/result.json	b59caf173656e5d06b196d93eef2d8674d72fac363eb68e23a79ccfd6bb80399	768
cases/S1-G1-REGEN10-20260810-015/run.stderr	721dabdad12126206605b2410a2b921356b12f68e77d4c8c9614506f712aa031	102
cases/S1-G1-REGEN10-20260810-015/run.stdout	8b45c07d97756fd9d44e9700ce7a3af37cfae0f5469af9cfda64e220b8cb5225	5815
cases/S1-G1-REGEN10-20260810-015/runtime_metadata.json	77101fac993d620524deac458bfb2b16131f0130497aca0cb1bbf12e14948f3f	17735
cases/S1-G1-REGEN10-20260810-015/scientific_result.json	d150c8f575a19513fe4186ad76f6fef950d87daef7dc429c3f99b932b7e1246f	35406
cases/S1-G1-REGEN10-20260810-016/INPUT	15f6a193e5d4b5d54a381810460a284a1818b545fe47109814f54f16a58e2547	372
cases/S1-G1-REGEN10-20260810-016/KPT	0903e64e14f6e451103ae0d60e2b3afe07dbbee7aaabff907df214bfd1eb0bc8	32
cases/S1-G1-REGEN10-20260810-016/OUT.g1tlr4_al_v100_quarter/INPUT.info	2e72172a619a20a823457e9ce9aa1936ee54a982a3b80acb85e0116207f9bfc1	43568
cases/S1-G1-REGEN10-20260810-016/OUT.g1tlr4_al_v100_quarter/KPT.info	b96ef4fef5a03a5e839148e19a722e3f8709699a350e2ad8a5de042429a8b8e4	2536048
cases/S1-G1-REGEN10-20260810-016/OUT.g1tlr4_al_v100_quarter/STRU.cif	c2c6f64a3996ffed348982e525bb4cd7f2e92287f631e6b4943f0c9341459663	710
cases/S1-G1-REGEN10-20260810-016/OUT.g1tlr4_al_v100_quarter/chg.cube	ca4ec0ecf87b709eab4ae1d6126fc66414678a1249b00298a9d79fbd25f05150	334367
cases/S1-G1-REGEN10-20260810-016/OUT.g1tlr4_al_v100_quarter/eig_occ.txt	327511b040b8f51b16235a6820343dec45a8d6f75cd0badb2bff928ff0eb4ad7	6509997
cases/S1-G1-REGEN10-20260810-016/OUT.g1tlr4_al_v100_quarter/g1tlr4_al_v100_quarter-CHARGE-DENSITY.restart	28c954d6aca2622515fd48cefc94f202886c5ee3e29f28e2c76476942fa4c415	107608
cases/S1-G1-REGEN10-20260810-016/OUT.g1tlr4_al_v100_quarter/pot.cube	14e058ef3716c8403ea0e258f806c2dd3d9eb23e2f36ccbe21b1a29011d3a163	346507
cases/S1-G1-REGEN10-20260810-016/OUT.g1tlr4_al_v100_quarter/running_scf.log	80c5c9a17d2c9309f346035a97eacea8e5397733b0df37e8b32ca6d5c1e8d8e7	2438566
cases/S1-G1-REGEN10-20260810-016/OUT.g1tlr4_al_v100_quarter/warning.log	1af5f6199570295e0278ddc88aaf6335c72a017612af968b6ee59adb21785fb7	936
cases/S1-G1-REGEN10-20260810-016/STRU	31279eb4f9a5a6ad20376271c79c03a8ead1676cb697b5065515041f6799d437	368
cases/S1-G1-REGEN10-20260810-016/al.gga.psp	d76ceac60058e230eac514fc419269433a33b199eb6abfa7d6ab43cde248bd1d	57493
cases/S1-G1-REGEN10-20260810-016/case_status.json	4256ef6b25bc5789820f2b4a47adacdc01dbd582963b60e245211c508da668a2	345
cases/S1-G1-REGEN10-20260810-016/input_metadata.json	59d08362437c68f201e96c57cdb5cdb4839678b1172bc1dcdf31de5e09ed1ff9	1035
cases/S1-G1-REGEN10-20260810-016/rank_proofs/EXEC.json	57680e25b5c9da2d1a02185737547ea04a9db077d0c0ded1cac7d6a3f381a93b	967
cases/S1-G1-REGEN10-20260810-016/rank_proofs/GO.json	3eed55cf1d198d594137cb77325bd0c564085fd825534eab9d376ed3224db85b	548
cases/S1-G1-REGEN10-20260810-016/rank_proofs/rank-000.ack.json	1f7234282b1af590f850c4cff7e46e695a83926121b57f9eb45ebb79641be07f	453
cases/S1-G1-REGEN10-20260810-016/rank_proofs/rank-000.proof.json	7042578647a6dc92fa80840646bdb7884dafe0b15d5b41bc254b5c3ee3a98782	884
cases/S1-G1-REGEN10-20260810-016/rank_proofs/rank-001.ack.json	af091ad2d647e57d5f00c14262e230d639ff3d90d44ec40aa5069701cee30c9e	453
cases/S1-G1-REGEN10-20260810-016/rank_proofs/rank-001.proof.json	0766711be1752bd56807983cd27554be871a7b7b882d1938b0021c1afc6013bb	884
cases/S1-G1-REGEN10-20260810-016/rank_proofs/rank-002.ack.json	ab88982555a3d08e0269defd83bc390170ecd0b712974d00a31cd504fedff6c0	453
cases/S1-G1-REGEN10-20260810-016/rank_proofs/rank-002.proof.json	5d615dc6964c3db7ddd326f992aef322759600545c74b71f535a0a5acc967853	884
cases/S1-G1-REGEN10-20260810-016/rank_proofs/rank-003.ack.json	cec6de2a498ab89b1d5e680ee227b4f45fd35da2e5f12d4cfd222ef717ff889e	453
cases/S1-G1-REGEN10-20260810-016/rank_proofs/rank-003.proof.json	2865ac606e58ef8a09a0db5842a16214411c33b01d113d9409a553eeb05e6967	884
cases/S1-G1-REGEN10-20260810-016/resource_usage.txt	31f9cd017ec280e4707f78c90ac624c5bb437d1c2752a859bd816f7c217de44b	1284
cases/S1-G1-REGEN10-20260810-016/result.json	4fa704cf358d71156fe39b458d0528095ab62353ce12c5e88bd6691f777c1c1a	767
cases/S1-G1-REGEN10-20260810-016/run.stderr	721dabdad12126206605b2410a2b921356b12f68e77d4c8c9614506f712aa031	102
cases/S1-G1-REGEN10-20260810-016/run.stdout	3b5b6e6298ec76c21c14d49f4e456620cc15cda9d8a627f3c4604917a49c45f1	5813
cases/S1-G1-REGEN10-20260810-016/runtime_metadata.json	6f0f91e9e6d80f6298a654b77a27c54113e4826b8a22b1a9214d7123df769c57	16864
cases/S1-G1-REGEN10-20260810-016/scientific_result.json	823ab7ca23a01a429f8fb5341aec6a207498d83d4ac43be85bfe870eedb82e4b	34469
cases/S1-G1-REGEN10-20260810-017/INPUT	359dfc9b195155961b9e16b134b9be42052ac020704a940ac3fd4c1ff5aa7aa9	372
cases/S1-G1-REGEN10-20260810-017/KPT	0903e64e14f6e451103ae0d60e2b3afe07dbbee7aaabff907df214bfd1eb0bc8	32
cases/S1-G1-REGEN10-20260810-017/OUT.g1tlr4_al_v110_quarter/INPUT.info	75dda72b980aaf7ff06b0032a7cf95595dbdbef223ff15d6ce982befb02b2bd6	43568
cases/S1-G1-REGEN10-20260810-017/OUT.g1tlr4_al_v110_quarter/KPT.info	b96ef4fef5a03a5e839148e19a722e3f8709699a350e2ad8a5de042429a8b8e4	2536048
cases/S1-G1-REGEN10-20260810-017/OUT.g1tlr4_al_v110_quarter/STRU.cif	57a915e31018e568263ba09564895ea6fb5141d5b6198a76b0838ac282265127	710
cases/S1-G1-REGEN10-20260810-017/OUT.g1tlr4_al_v110_quarter/chg.cube	647a7fe4823002af2aba8b3b8f5fe587e17040d1e5056b252e20dd72348c0448	334367
cases/S1-G1-REGEN10-20260810-017/OUT.g1tlr4_al_v110_quarter/eig_occ.txt	bf0eb1c075a6b8fd1c213e5c65be38b860071770b1673191716279bbf0acdd12	6511626
cases/S1-G1-REGEN10-20260810-017/OUT.g1tlr4_al_v110_quarter/g1tlr4_al_v110_quarter-CHARGE-DENSITY.restart	4a018d450f9895abad61c33810188815f7b5323c3f5a66063db789b13be39467	119928
cases/S1-G1-REGEN10-20260810-017/OUT.g1tlr4_al_v110_quarter/pot.cube	862bf4dd06afd0ee80f1d13163cdeb14b61179ebe548e9f4ed0f36db44d6946b	346695
cases/S1-G1-REGEN10-20260810-017/OUT.g1tlr4_al_v110_quarter/running_scf.log	9279663a443aa197ae3c8206b2fde317ef587b59ceb9bb349ac957863d23e765	2438573
cases/S1-G1-REGEN10-20260810-017/OUT.g1tlr4_al_v110_quarter/warning.log	187f8545b75b507722a424d2ec3b1f355c0845078ba1d4dec76d829b0cc183bb	952
cases/S1-G1-REGEN10-20260810-017/STRU	c3bbf795bf196b357cd95e7d4ba619229ad687896346ffe1bfd19a3ed463cfb1	368
cases/S1-G1-REGEN10-20260810-017/al.gga.psp	d76ceac60058e230eac514fc419269433a33b199eb6abfa7d6ab43cde248bd1d	57493
cases/S1-G1-REGEN10-20260810-017/case_status.json	c1328c051f8effd96368c4ce4b6df02a2768eab4404b728875e139bf5f2bcad1	344
cases/S1-G1-REGEN10-20260810-017/input_metadata.json	ca4c33b7e03cabc3f633977765cad7390980339dbf992f77024cc014a1508deb	1035
cases/S1-G1-REGEN10-20260810-017/rank_proofs/EXEC.json	c488879f6c66919bab2d734e0d17bdd1ebcc3aa2b5a01ad6594d144d6d33f1a1	967
cases/S1-G1-REGEN10-20260810-017/rank_proofs/GO.json	4200614430724681ddafc2e69060512e2c81e89a6fe18f5afedcae4f4a10ae00	548
cases/S1-G1-REGEN10-20260810-017/rank_proofs/rank-000.ack.json	d4bd3c1012e5261346883d840cb2d9d60aa12632133060a500f3a1348abefffc	453
cases/S1-G1-REGEN10-20260810-017/rank_proofs/rank-000.proof.json	86b81af71c79357ecb2173306f2129a798d1f791a35777f3224057aae8573345	884
cases/S1-G1-REGEN10-20260810-017/rank_proofs/rank-001.ack.json	83971717f0cc7d46da6eabb00c36d30f5b1c7b83931e11d30fb29d45ed84ef5f	453
cases/S1-G1-REGEN10-20260810-017/rank_proofs/rank-001.proof.json	aea08ffb543c584660f06e55e4b7525ae1bcea6ea829a5b69699fe72f755688c	884
cases/S1-G1-REGEN10-20260810-017/rank_proofs/rank-002.ack.json	0ed1cfdb607e6b02c47272d018bfadbad518f3346b0ba6dfa9d647d24784bbec	453
cases/S1-G1-REGEN10-20260810-017/rank_proofs/rank-002.proof.json	43ec9f9ec454ac0c2e289e75651725d05147d688946976dd1eae1dbce0c876a0	884
cases/S1-G1-REGEN10-20260810-017/rank_proofs/rank-003.ack.json	20d0a84fedf6775fd13dc64dde3fd469cf96670613f935e4b8ebfa7621c5662d	453
cases/S1-G1-REGEN10-20260810-017/rank_proofs/rank-003.proof.json	e79e58c8cab033e95bea953f558dcca87ab82604892dbd01f8690131757eac4b	884
cases/S1-G1-REGEN10-20260810-017/resource_usage.txt	2df95652425a33b8a69ba7b5a7c095e616d09c36675a0a9e3cc861a62ab8bf4f	1284
cases/S1-G1-REGEN10-20260810-017/result.json	75bd92ee12c8cd73647324dc5316f7de8891dea60c4f3992ef8feb82869cb988	762
cases/S1-G1-REGEN10-20260810-017/run.stderr	721dabdad12126206605b2410a2b921356b12f68e77d4c8c9614506f712aa031	102
cases/S1-G1-REGEN10-20260810-017/run.stdout	0ae8591e17973dcb4e166670ceb9c72decad6a0260936ba7df09143720973eba	5815
cases/S1-G1-REGEN10-20260810-017/runtime_metadata.json	f5222f12d9276a1f18b56b5de48a8a70416d36c064de64f02e5d6b42489eee25	16865
cases/S1-G1-REGEN10-20260810-017/scientific_result.json	791a21b9ba83fc52492c7ea339fb4ff6044349207653066f97c5073f39f5d6c4	34476
cases/S1-G1-REGEN10-20260810-018/INPUT	a70fe604545534cd77ea193969661faa7d9ff2d215fe96d3f3c75662d86670a1	367
cases/S1-G1-REGEN10-20260810-018/KPT	d59f4a8d01e74f7ec8fb53fe7de304457198bb3b6da2d7dcebba6c08c3330c4f	32
cases/S1-G1-REGEN10-20260810-018/OUT.g1tlr4_mg_v090_quarter/INPUT.info	b5d76ca01f049f9d647ea1e7c36a390b54e4f0c36e00160189214e42ef9a306a	43563
cases/S1-G1-REGEN10-20260810-018/OUT.g1tlr4_mg_v090_quarter/KPT.info	da21b6ee7a48fc3d1f4f25a6e77f43f5abd34a28002384f53c6aab71b15d9aa1	1065038
cases/S1-G1-REGEN10-20260810-018/OUT.g1tlr4_mg_v090_quarter/STRU.cif	456b6f2aaa15a0da56d996923c8c5dbae21806c3f089703ca3c65c1372236661	767
cases/S1-G1-REGEN10-20260810-018/OUT.g1tlr4_mg_v090_quarter/chg.cube	bb4d71a3d656bce8c2bfdb5f0b802991049ed1d4a20b195f73be228a53f73582	557320
cases/S1-G1-REGEN10-20260810-018/OUT.g1tlr4_mg_v090_quarter/eig_occ.txt	b6b0c9babe0540d33a93fd6625203eae0175f3dd805dfbfb3a63081782cc0ed4	2747325
cases/S1-G1-REGEN10-20260810-018/OUT.g1tlr4_mg_v090_quarter/g1tlr4_mg_v090_quarter-CHARGE-DENSITY.restart	6761ce001ec3a08b21258d39420d6a49908800f52c97cf795f6cc0019dff2d3a	271520
cases/S1-G1-REGEN10-20260810-018/OUT.g1tlr4_mg_v090_quarter/pot.cube	c550779c7d323785dcda7d659923b1c3258ddc13ad3173e3d546afa8eda92081	578676
cases/S1-G1-REGEN10-20260810-018/OUT.g1tlr4_mg_v090_quarter/running_scf.log	baeff979503bdf1c85baa8c13d8bb638a39b76af23fcd24a57ff080e530e80aa	1038469
cases/S1-G1-REGEN10-20260810-018/OUT.g1tlr4_mg_v090_quarter/warning.log	62dc01df5ce489b5b85b32beae80a382b8f545b658015e9e961e44e289b532ab	946
cases/S1-G1-REGEN10-20260810-018/STRU	0e7bfc23e322646ef9a3a3ab3f83d913c6116b293baf0e8982368679601ebbd6	428
cases/S1-G1-REGEN10-20260810-018/case_status.json	8a59fe8c15ae0d51e99311d02d9f1dde61fed3fc13c6704f48b1aa28964ee034	344
cases/S1-G1-REGEN10-20260810-018/input_metadata.json	5ce64568e2b7ec154f777e6bb9d0eff206e3b15f9462c73a67d538501454339d	1035
cases/S1-G1-REGEN10-20260810-018/mg.lda.lps	4b964580cfbd798708299bb0e0baef2f437983d29e6d7040f63b7532038b4259	69617
cases/S1-G1-REGEN10-20260810-018/rank_proofs/EXEC.json	48c854b5632364b1bc4e5f72967548ec89889b8bcab2414de08a372428242e1c	967
cases/S1-G1-REGEN10-20260810-018/rank_proofs/GO.json	9bfb20d9c0b6fcceff0aa6720a35f13b6ba9f257182f60e169b04b4542df4f91	548
cases/S1-G1-REGEN10-20260810-018/rank_proofs/rank-000.ack.json	75bbd299bce6db3e14a35cabf94076b8efe5046e0cf419b85325850e05a55c73	453
cases/S1-G1-REGEN10-20260810-018/rank_proofs/rank-000.proof.json	4f32b49524d930874935e6eedc06aeebb1a0bb33635d7deaeeca108aba8274d3	884
cases/S1-G1-REGEN10-20260810-018/rank_proofs/rank-001.ack.json	0752faf75b931f915efc585a164e05d85de1f775c092d686b65cbff60a8737ad	453
cases/S1-G1-REGEN10-20260810-018/rank_proofs/rank-001.proof.json	7249b71fb3f0317f2881af05e84765a39eb63aac3b707c3f4148eef3bccffe42	884
cases/S1-G1-REGEN10-20260810-018/rank_proofs/rank-002.ack.json	0e45dc42253c3ded45a7a88248c10fab58e5b3d13ad1a2a8e80c66f90c2f46a9	453
cases/S1-G1-REGEN10-20260810-018/rank_proofs/rank-002.proof.json	bc4b276c6a920f41b8b81dd68ff0e042addeffaa0b493f5e2b52376f1f85a491	884
cases/S1-G1-REGEN10-20260810-018/rank_proofs/rank-003.ack.json	03543e7d75f0f460308bcf22f04b1e2cb1f0945056dddd20c6efcd603e96701a	453
cases/S1-G1-REGEN10-20260810-018/rank_proofs/rank-003.proof.json	2f97b6a115ffb0e2f0fc9a16f9583f909bdbd99a639b4001f85d9f0fb5bbc822	884
cases/S1-G1-REGEN10-20260810-018/resource_usage.txt	e638779a5634e386aaf58cf2cdefd56b08016bacf9ac0ba7ba850123d4a00cc5	1284
cases/S1-G1-REGEN10-20260810-018/result.json	b40128bc777bd5d3d537a38bcdedd3e3d208f4e430ce1e24c338aff99563048a	753
cases/S1-G1-REGEN10-20260810-018/run.stderr	721dabdad12126206605b2410a2b921356b12f68e77d4c8c9614506f712aa031	102
cases/S1-G1-REGEN10-20260810-018/run.stdout	cc957fb7ba574d6512dc2491587d8d302f21211726f94a9adca821aedccadd12	5801
cases/S1-G1-REGEN10-20260810-018/runtime_metadata.json	1867f951b168f2c75111876f99c5a33f69ad0ffc42ac768ef4dd02875ccd8ad8	17847
cases/S1-G1-REGEN10-20260810-018/scientific_result.json	a9b618534c4c38f4c4687f1dabafcc8f2006b48e26133d7b79baa5bd786739b1	35487
cases/S1-G1-REGEN10-20260810-019/INPUT	18132e2a5950a63598d7b14861ee57d58b46a757333cac7b90e10c46b7473c74	367
cases/S1-G1-REGEN10-20260810-019/KPT	d59f4a8d01e74f7ec8fb53fe7de304457198bb3b6da2d7dcebba6c08c3330c4f	32
cases/S1-G1-REGEN10-20260810-019/OUT.g1tlr4_mg_v100_quarter/INPUT.info	5f122e919bfdce62a58b457b0bf2df321c8e9e8cb8a247497e6e003fde8b2549	43563
cases/S1-G1-REGEN10-20260810-019/OUT.g1tlr4_mg_v100_quarter/KPT.info	da21b6ee7a48fc3d1f4f25a6e77f43f5abd34a28002384f53c6aab71b15d9aa1	1065038
cases/S1-G1-REGEN10-20260810-019/OUT.g1tlr4_mg_v100_quarter/STRU.cif	c46026ec0dd25dc9f28c1f559e9a45859b09276a8d56a2ad27f4cd7d027a27ac	767
cases/S1-G1-REGEN10-20260810-019/OUT.g1tlr4_mg_v100_quarter/chg.cube	b18247223543bfe087fe286cd3db341a2010ecba2c066453727ca6dd73ab0038	604703
cases/S1-G1-REGEN10-20260810-019/OUT.g1tlr4_mg_v100_quarter/eig_occ.txt	061d2975e5d51b09e44cd242888d506a0c0753ad1aa34ca74923c04289828aaf	2748970
cases/S1-G1-REGEN10-20260810-019/OUT.g1tlr4_mg_v100_quarter/g1tlr4_mg_v100_quarter-CHARGE-DENSITY.restart	4dcb0771ecfd879a49fc0a00a5f3ea5798c7f9ebbc850e35ea5a1e82cab07015	299576
cases/S1-G1-REGEN10-20260810-019/OUT.g1tlr4_mg_v100_quarter/pot.cube	dfcecaca4ab7347f159a7f75264e1850b27f9b30d6e4c9d5933d35dc5fa7b6b6	628150
cases/S1-G1-REGEN10-20260810-019/OUT.g1tlr4_mg_v100_quarter/running_scf.log	f6da8b249ee6c67f6590c25ba8a67fd52aaeaf5db6e0183b8dd9e5ec6b0f8ac1	1037584
cases/S1-G1-REGEN10-20260810-019/OUT.g1tlr4_mg_v100_quarter/warning.log	62dc01df5ce489b5b85b32beae80a382b8f545b658015e9e961e44e289b532ab	946
cases/S1-G1-REGEN10-20260810-019/STRU	f65d6ce58a2ccc15d9970a14ecfb40a800f4d7a27b325a4d9aae344999faf19c	428
cases/S1-G1-REGEN10-20260810-019/case_status.json	3da8158def256226dd08ec95f09f42829ccc38112262168ad476b4fa80162b31	345
cases/S1-G1-REGEN10-20260810-019/input_metadata.json	71dee5b3c61b35b3eaebd84f2fec3217322b0df8c9f7ae723894012d2c366ea7	1035
cases/S1-G1-REGEN10-20260810-019/mg.lda.lps	4b964580cfbd798708299bb0e0baef2f437983d29e6d7040f63b7532038b4259	69617
cases/S1-G1-REGEN10-20260810-019/rank_proofs/EXEC.json	ba8424ecdd242b179ba1b7e2267d92d7c867d1a34170381cd559bd743281113e	967
cases/S1-G1-REGEN10-20260810-019/rank_proofs/GO.json	9b5ddd3d5dabca4f244286ec113fcbc968b867035c72dd39d633bc7da0fb1d9e	548
cases/S1-G1-REGEN10-20260810-019/rank_proofs/rank-000.ack.json	e187fa827ab64044620661c712bad2fecdf59fc65db33ca998e929976cbb0614	453
cases/S1-G1-REGEN10-20260810-019/rank_proofs/rank-000.proof.json	fb3763fa1bee92fd1d1476c23837313b021a4e76468c36f07718d4fb13d16acc	884
cases/S1-G1-REGEN10-20260810-019/rank_proofs/rank-001.ack.json	9287fcb2d40dd784a0a88e153b1050b7a927d5af863bd0663df938e1943e8f0d	453
cases/S1-G1-REGEN10-20260810-019/rank_proofs/rank-001.proof.json	b23d489c34bee10eea56058e2273d232d802a054b0851db72ca1951e9c25eed9	884
cases/S1-G1-REGEN10-20260810-019/rank_proofs/rank-002.ack.json	d690bfd8b8d457c9498b6500bdd9f3aded0036689b1e4d551256f5707f0582c1	453
cases/S1-G1-REGEN10-20260810-019/rank_proofs/rank-002.proof.json	ba7868731858483c947d7641ad7bbf74ecbadc6c32d87fcaa601d5b6b5fb93f6	884
cases/S1-G1-REGEN10-20260810-019/rank_proofs/rank-003.ack.json	61b41d4bdc3b3a9b6713b2a3ebcdcf3299a6b624f239bcc8ea42b7d38b4700b2	453
cases/S1-G1-REGEN10-20260810-019/rank_proofs/rank-003.proof.json	bb7e723e97466aefc70a0b161939243fe4b90669c32694027fa7a24a0f905ebf	884
cases/S1-G1-REGEN10-20260810-019/resource_usage.txt	ce01f4c07576e4602160edbe85754ae708010974e842c7bd22e763e18cc843d7	1285
cases/S1-G1-REGEN10-20260810-019/result.json	a93f02997c389ddd6d9d1b1a84b044ee02a5c151dbf8db155c0113eda0f04de8	766
cases/S1-G1-REGEN10-20260810-019/run.stderr	721dabdad12126206605b2410a2b921356b12f68e77d4c8c9614506f712aa031	102
cases/S1-G1-REGEN10-20260810-019/run.stdout	ed6f41675f5144c8c1399ae579eb6887d94336e5d1457aaa82eb88166eab2701	5741
cases/S1-G1-REGEN10-20260810-019/runtime_metadata.json	054ede7e6d0577d4698cf4c1a1a5060986468c367808676be11ed83b596f16b2	17625
cases/S1-G1-REGEN10-20260810-019/scientific_result.json	7f7a7b8650dc7c7c20efa4b6f063a89660c8b696dab407e81fd52a7577b991e3	35287
cases/S1-G1-REGEN10-20260810-020/INPUT	8beacc618f02a1835eb4e275bc73d26e1b2731f0990d5f8d8cacf3553bee7f1c	367
cases/S1-G1-REGEN10-20260810-020/KPT	d59f4a8d01e74f7ec8fb53fe7de304457198bb3b6da2d7dcebba6c08c3330c4f	32
cases/S1-G1-REGEN10-20260810-020/OUT.g1tlr4_mg_v110_quarter/INPUT.info	a57a34424c52879e9c360fd364ad57276ec83d1d580acd2c9c3fc04f3cac766c	43563
cases/S1-G1-REGEN10-20260810-020/OUT.g1tlr4_mg_v110_quarter/KPT.info	da21b6ee7a48fc3d1f4f25a6e77f43f5abd34a28002384f53c6aab71b15d9aa1	1065038
cases/S1-G1-REGEN10-20260810-020/OUT.g1tlr4_mg_v110_quarter/STRU.cif	d6d4e253503f491ca78c85a3eb9023cc5c579e1c2457551354ac965d492d743f	767
cases/S1-G1-REGEN10-20260810-020/OUT.g1tlr4_mg_v110_quarter/chg.cube	bb76a6f7701dbfef8b5537f0af74e6262c9eb710dfc2edd418da917b20f3c708	680328
cases/S1-G1-REGEN10-20260810-020/OUT.g1tlr4_mg_v110_quarter/eig_occ.txt	b1f02bbf6c95beead2bcaeaebe4a9a42cdbaffdc317a156f3454afd6bdf6b26f	2750072
cases/S1-G1-REGEN10-20260810-020/OUT.g1tlr4_mg_v110_quarter/g1tlr4_mg_v110_quarter-CHARGE-DENSITY.restart	ffea6fe55cc70ef23b8a1f03ea987d18379903af2c2fba6bca77044ffc7d11d6	329536
cases/S1-G1-REGEN10-20260810-020/OUT.g1tlr4_mg_v110_quarter/pot.cube	b8cb442dee6738f8ecc2c4aa9db940afcf88540ce8fc9b950c1ef335b2d7c2b4	706906
cases/S1-G1-REGEN10-20260810-020/OUT.g1tlr4_mg_v110_quarter/running_scf.log	a2a927729ee6956c306a3bf631d4608fb92299ad475ff8e41c3f6a7c999fdff2	1038474
cases/S1-G1-REGEN10-20260810-020/OUT.g1tlr4_mg_v110_quarter/warning.log	3db8e6bcdd6de2b259c55cf5d8dde04e8f1f0dd45182bd99f3aba4d007cd070e	946
cases/S1-G1-REGEN10-20260810-020/STRU	2830ba604f066a34709da8abb3fa32449372e05b41c2715e999ffd0eeafb8512	428
cases/S1-G1-REGEN10-20260810-020/case_status.json	6ba942b42f4b192f1a2e51fd055817cebc08b67ff3d75802af0588762a92acf9	345
cases/S1-G1-REGEN10-20260810-020/input_metadata.json	251051d1331f338a793c4125d5101c8c0553d92792426b7372370f3a983067fc	1035
cases/S1-G1-REGEN10-20260810-020/mg.lda.lps	4b964580cfbd798708299bb0e0baef2f437983d29e6d7040f63b7532038b4259	69617
cases/S1-G1-REGEN10-20260810-020/rank_proofs/EXEC.json	8353ba25aa0c253dc6f5504732f1c15d4595ea244ab8fffd1610b5e42da2ee1c	967
cases/S1-G1-REGEN10-20260810-020/rank_proofs/GO.json	46d9e5785d5e6ca848786beaf9a3123ecc5f983f1256d32dd41d085c8986a74f	548
cases/S1-G1-REGEN10-20260810-020/rank_proofs/rank-000.ack.json	765bb9df40cdb03e53d4de267708cea324b0173b09a5c8b29e9e32ccf0bbd934	453
cases/S1-G1-REGEN10-20260810-020/rank_proofs/rank-000.proof.json	13b57113428a7c5261c678422782003f404ad308cd881ea8388e37b86276d31b	884
cases/S1-G1-REGEN10-20260810-020/rank_proofs/rank-001.ack.json	536a623366e587a320d005af1d09332fda169cca281debb2946f33d3a7c239fb	453
cases/S1-G1-REGEN10-20260810-020/rank_proofs/rank-001.proof.json	b0353a6ac16805bd08340241e5a0aa6bfed16c61fec7ddc522720527814c26c0	884
cases/S1-G1-REGEN10-20260810-020/rank_proofs/rank-002.ack.json	cbaddc16ede4ce76cb1026f5fdfb3fa7477c174f7ec42588374d8cbf95235527	453
cases/S1-G1-REGEN10-20260810-020/rank_proofs/rank-002.proof.json	b09be57b8786b654dbe3ba6668ca7fbe42e413f9651e3f026df7ee7e050db1ab	884
cases/S1-G1-REGEN10-20260810-020/rank_proofs/rank-003.ack.json	527c1ecca1b53a39bd937f7e52517f62f8a9ff83e18dc58b4d0bc5e2eab592a9	453
cases/S1-G1-REGEN10-20260810-020/rank_proofs/rank-003.proof.json	709a907cad65dcb54b2932a5c95093c0850338aa67dc8f9333267b6c7dbfa9ac	884
cases/S1-G1-REGEN10-20260810-020/resource_usage.txt	3f8ec91e83be35d4505844c6e129c76c1039cb6daa3cec11122ec366c7a649be	1285
cases/S1-G1-REGEN10-20260810-020/result.json	ddb69d7f16a66f503297918e86b00d634e261c9d1b554287ff5614505c0aa894	768
cases/S1-G1-REGEN10-20260810-020/run.stderr	721dabdad12126206605b2410a2b921356b12f68e77d4c8c9614506f712aa031	102
cases/S1-G1-REGEN10-20260810-020/run.stdout	cc8a362d63a6586a6244ffbf6515b62724fd8028dcbccb4dd22b1eebc84cbe34	5803
cases/S1-G1-REGEN10-20260810-020/runtime_metadata.json	bb179b4d42056a514dd335cb4290e280769ab3d7d937aa63bcdb92410f6afad2	16866
cases/S1-G1-REGEN10-20260810-020/scientific_result.json	c67028b6383670c91304e7469544d49135ba6ca944c2f1f543d158271b8412c3	34509
current.json	eaeade355e5d083c70e2fcba29b0d8243807279bad9e1e0be3ff19632ac0a535	128
launch.json	e23751aca2d66db268147b02f1d9f90059955f48c18824f4603bddc578d7eccf	13500
launcher.log	4d112e160269e089551b11136aee1bc0e34eab85ae50243219ff7d411c96a6b4	1902
terminal.json	6ef34a875993d2dafbd127faf8fe6b5dc5c34884abdddd69933cffcc164a6458	797
