source_experiment_id	scope	material	series_id	solver	volume_ratio	expected_electrons	density_mode	density_path	source_density_sha256	audit_experiment_id	input_directory	derived_suffix	input_sha256	stru_sha256	kpt_sha256	metadata_sha256	pseudopotential	pseudopotential_sha256	reference_experiment_id	reference_result_path	reference_result_sha256	reference_log_path	reference_log_sha256
S1-20260805-029	primary_baseline	al	ofdft	ofdft	0.9	3	high_precision_cube_replay	runs/S1-20260805-121/OUT.g1_ne_121_from_029/chg.cube		S1-20260805-121	inputs/s1/electron_number_audit/S1-20260805-121	g1_ne_121_from_029	71d01f67c3575568740d58f19252cc739a89bdd9de3a78f8d60a9a20ba6b7b3a	78f39f8f09367c41279248b1772a2dbe9dd77d2839931891ce5696b7ebac7fea	91042b39ee493cb5c1bee648adc865a2e5935a29278eb405dc009f994db55ece	89a43dbdf9ec179d8da51281cd093f324ee0d238434a40f9eaffdd589dab678e	al.gga.psp	d76ceac60058e230eac514fc419269433a33b199eb6abfa7d6ab43cde248bd1d	S1-20260805-029	runs/S1-20260805-029/result.json	1894fb7c318c4fc4c89e3838658b46e80457928bb1b118e5b3c50e98801bb36e	runs/S1-20260805-029/OUT.s1_al_v090_ofdft/running_scf.log	2ccbf9dae9720a0248dfa91e017fe279131a1e1a63271fa4235e9ea6641803b7
S1-20260805-030	primary_baseline	al	ofdft	ofdft	0.9400000000000002	3	high_precision_cube_replay	runs/S1-20260805-122/OUT.g1_ne_122_from_030/chg.cube		S1-20260805-122	inputs/s1/electron_number_audit/S1-20260805-122	g1_ne_122_from_030	63d8305be7e7564129846d227d91af009969e9ef17b006aba070e3ffd7985551	6cce927335466a5ae8bd542f80cc149f85513eb6fd68ef5adc3399a79f7b3fb4	91042b39ee493cb5c1bee648adc865a2e5935a29278eb405dc009f994db55ece	408ce684612086009a1994b259c3ffc0973ce85617ad66444b37c9ca73a84177	al.gga.psp	d76ceac60058e230eac514fc419269433a33b199eb6abfa7d6ab43cde248bd1d	S1-20260805-030	runs/S1-20260805-030/result.json	49f4b9be38b6e774e3aa8a176fa3567c92dd0815bb3c10386ce1b5f1d25a3fdf	runs/S1-20260805-030/OUT.s1_al_v094_ofdft/running_scf.log	32aa76a8212e16caa11bd8e35c1e75a6031a3a4a58b729101ad76ac60ea53090
S1-20260805-031	primary_baseline	al	ofdft	ofdft	0.9700000000000003	3	high_precision_cube_replay	runs/S1-20260805-123/OUT.g1_ne_123_from_031/chg.cube		S1-20260805-123	inputs/s1/electron_number_audit/S1-20260805-123	g1_ne_123_from_031	7db9f876c0b958bffa5c8b75e6c75204585d466dc5fbf8f4b2e3cec7fbd90c20	afbc4693ab7f9da60ef2058d39a42af782e41982f8e64f06ee52a66b76c4150f	91042b39ee493cb5c1bee648adc865a2e5935a29278eb405dc009f994db55ece	a5f2c4bde0b313775fbecf77d7367eba8634ed82b5171d2b1199b0b2d33f8a5e	al.gga.psp	d76ceac60058e230eac514fc419269433a33b199eb6abfa7d6ab43cde248bd1d	S1-20260805-031	runs/S1-20260805-031/result.json	c7c470354009f3f46ad9847d708346da5e78a6d66a01a71974fe62ac343bc1b6	runs/S1-20260805-031/OUT.s1_al_v097_ofdft/running_scf.log	26282f4c5c72ed92bfcfdf1216fa18904939b467d2ef0e1e2b8a92b76b9a3bf9
S1-20260805-032	primary_baseline	al	ofdft	ofdft	1.0	3	high_precision_cube_replay	runs/S1-20260805-124/OUT.g1_ne_124_from_032/chg.cube		S1-20260805-124	inputs/s1/electron_number_audit/S1-20260805-124	g1_ne_124_from_032	6aab7f489bf45e3b13767cda9c27d70153be297d4bae2906a895ada4c7bd035c	31279eb4f9a5a6ad20376271c79c03a8ead1676cb697b5065515041f6799d437	91042b39ee493cb5c1bee648adc865a2e5935a29278eb405dc009f994db55ece	a46373a5eadc84e15d1d9161371221dd461a2a1c47758e7c355c07ec4b6e21b4	al.gga.psp	d76ceac60058e230eac514fc419269433a33b199eb6abfa7d6ab43cde248bd1d	S1-20260805-032	runs/S1-20260805-032/result.json	cf2a3db4979a13dba2963cfa631eb45684a2ce3f22608f1c120fa9d6fe18901b	runs/S1-20260805-032/OUT.s1_al_v100_ofdft/running_scf.log	3734e9579c79bc464596e4fb516471383dd1144b535f648a4d3c427ef44aaca8
S1-20260805-033	primary_baseline	al	ofdft	ofdft	1.03	3	high_precision_cube_replay	runs/S1-20260805-125/OUT.g1_ne_125_from_033/chg.cube		S1-20260805-125	inputs/s1/electron_number_audit/S1-20260805-125	g1_ne_125_from_033	4cde75ae27f4d5329d7b91b0c8499f2697923171cf49c2b28d586b3801afe0fe	2f36cb943594eb0cc81dcd3e7b6fd906e9e5da6f898fc5cfa9065db72589a683	91042b39ee493cb5c1bee648adc865a2e5935a29278eb405dc009f994db55ece	ff8ade444fdb18c3c9d9f441292abe8b1a1fa7fee00b4159f4fbfd2e0ab62beb	al.gga.psp	d76ceac60058e230eac514fc419269433a33b199eb6abfa7d6ab43cde248bd1d	S1-20260805-033	runs/S1-20260805-033/result.json	6e147e2d190325e879054b6ef787147c8bf7a218dbeb4ebe7d55e2d4200f6b26	runs/S1-20260805-033/OUT.s1_al_v103_ofdft/running_scf.log	e652948a6285b6d0c81aa02835b86220b78bde5fefaa8e59050e5e77a7cb0b99
S1-20260805-034	primary_baseline	al	ofdft	ofdft	1.06	3	high_precision_cube_replay	runs/S1-20260805-126/OUT.g1_ne_126_from_034/chg.cube		S1-20260805-126	inputs/s1/electron_number_audit/S1-20260805-126	g1_ne_126_from_034	9b4367fde362addd65886957fa9d32aa3fbd5cbfda021ec4bc821e6e4f13904b	c178b63db14ecf1fb24c1daaa8dd0db5803f5f584865bb537393b8cb108f2d36	91042b39ee493cb5c1bee648adc865a2e5935a29278eb405dc009f994db55ece	84dd2432471a1f7d56da38202fad5221a064031b884f70f0e6a66b8884ebd6db	al.gga.psp	d76ceac60058e230eac514fc419269433a33b199eb6abfa7d6ab43cde248bd1d	S1-20260805-034	runs/S1-20260805-034/result.json	f201c1a8f2cbcac04cf91770ac4382630de1385d7ef631826ff533b5f39939e9	runs/S1-20260805-034/OUT.s1_al_v106_ofdft/running_scf.log	19d5217f3b8b9ac225fa5864299394a9a6a3453ef7dd652493ad5417b4d287e9
S1-20260805-035	primary_baseline	al	ofdft	ofdft	1.1000000000000005	3	high_precision_cube_replay	runs/S1-20260805-127/OUT.g1_ne_127_from_035/chg.cube		S1-20260805-127	inputs/s1/electron_number_audit/S1-20260805-127	g1_ne_127_from_035	88a3440bb13454ecaf59676cdf1de389059a2c1cdbe3e13f61e46648491baa9e	c3bbf795bf196b357cd95e7d4ba619229ad687896346ffe1bfd19a3ed463cfb1	91042b39ee493cb5c1bee648adc865a2e5935a29278eb405dc009f994db55ece	66e4ce3ec9df1c34e4350483345a7e0456edf51f07b8084e69cada8c6f9c2f7b	al.gga.psp	d76ceac60058e230eac514fc419269433a33b199eb6abfa7d6ab43cde248bd1d	S1-20260805-035	runs/S1-20260805-035/result.json	77b3cfc747b142a2cc9ded3c183c6f1d74627aece8e3750f9327527fd9f1bd5a	runs/S1-20260805-035/OUT.s1_al_v110_ofdft/running_scf.log	711429203d3d52aea12b39db8bea81a0ceb6c0a034e091615e54140bd5f3a505
S1-20260805-036	primary_baseline	al	ksdft_standard	ksdft	0.9	3	existing_reciprocal_restart	runs/S1-20260805-036/OUT.s1_al_v090_ksdft_standard/s1_al_v090_ksdft_standard-CHARGE-DENSITY.restart	c759b08aab3ac1ea6fb129bfb4aa8bb5e4a63ad7dbee84b2433552f06705977e				9c4a55bdbcc41ae644dda084ed2e0e710f98a3788164a23a9f3d6ff36123a219	78f39f8f09367c41279248b1772a2dbe9dd77d2839931891ce5696b7ebac7fea	e3d368f68869b907df36adf00a5dcbb3f54c9eb3622951d0f355667b61fce2bc	9f5b2eae09a2d793b91ba4075da857326b818d5fbdb7507977e037362eff49a0	al.gga.psp	d76ceac60058e230eac514fc419269433a33b199eb6abfa7d6ab43cde248bd1d	S1-20260805-036	runs/S1-20260805-036/result.json	94dad406045982b497f55be4f4b18f51c9a82bd2c1176ac9ec5fd12d07870726	runs/S1-20260805-036/OUT.s1_al_v090_ksdft_standard/running_scf.log	ca6b0896136350400cad5a431cc14d6a4ca2f76528b694a4ee72cc9ca761b4b8
S1-20260805-037	primary_baseline	al	ksdft_standard	ksdft	0.9400000000000002	3	existing_reciprocal_restart	runs/S1-20260805-037/OUT.s1_al_v094_ksdft_standard/s1_al_v094_ksdft_standard-CHARGE-DENSITY.restart	2aa159dc9d6a62eb81c0aa73a1264e7ae0cf86b0d9e87bd91a3a092a2f4d0e04				59c787fad93d70a3c1a6e6d6190b89165712cb46f5eb15cf1204431b0d304fce	6cce927335466a5ae8bd542f80cc149f85513eb6fd68ef5adc3399a79f7b3fb4	e3d368f68869b907df36adf00a5dcbb3f54c9eb3622951d0f355667b61fce2bc	ded0a9e61ebd7ff914880727fac71db7eb0c759be5d75cec0381e51ef75bb785	al.gga.psp	d76ceac60058e230eac514fc419269433a33b199eb6abfa7d6ab43cde248bd1d	S1-20260805-037	runs/S1-20260805-037/result.json	9823e44e0ab1bfb1dd4245f09f3bb9fef4daf3c73fe900941057f498620dbc4e	runs/S1-20260805-037/OUT.s1_al_v094_ksdft_standard/running_scf.log	c6812806f4a9223c99983257aa9c4375d0b4104b9b6d08686eefbefe31b93d06
S1-20260805-038	primary_baseline	al	ksdft_standard	ksdft	0.9700000000000003	3	existing_reciprocal_restart	runs/S1-20260805-038/OUT.s1_al_v097_ksdft_standard/s1_al_v097_ksdft_standard-CHARGE-DENSITY.restart	a3b5faacf92b723e39bed38647fe0a72e53c15cc3665930d8537995239808f8e				91f22036a281ca6bd3b8596a97396d6b7afd384beb944d5060a0cf66ad163c16	afbc4693ab7f9da60ef2058d39a42af782e41982f8e64f06ee52a66b76c4150f	e3d368f68869b907df36adf00a5dcbb3f54c9eb3622951d0f355667b61fce2bc	bda62b3b851bbab3c36b88bd22325b7f6a57997d678864416925c0ecc9627ffd	al.gga.psp	d76ceac60058e230eac514fc419269433a33b199eb6abfa7d6ab43cde248bd1d	S1-20260805-038	runs/S1-20260805-038/result.json	3d5de65df0a97aa46730bf4bc146adcfcf578da660da4a4c101cda8ec7b79fda	runs/S1-20260805-038/OUT.s1_al_v097_ksdft_standard/running_scf.log	9165525b98375a5374b6da6c5fc22f76c78a75ad533bcf8a11383913fad6ed29
S1-20260805-039	primary_baseline	al	ksdft_standard	ksdft	1.0	3	existing_reciprocal_restart	runs/S1-20260805-039/OUT.s1_al_v100_ksdft_standard/s1_al_v100_ksdft_standard-CHARGE-DENSITY.restart	c5f73e168aa0a01d2e4089c8cd3edf0d4e4797c29d69561154585338461b9a01				a4a3379bba68868b244fa55306fcf0f8095975ece09cac126b9e8599e1963420	31279eb4f9a5a6ad20376271c79c03a8ead1676cb697b5065515041f6799d437	e3d368f68869b907df36adf00a5dcbb3f54c9eb3622951d0f355667b61fce2bc	eda2e2b72195ffd84a7727196e404e075d8d0c6ac7503d5452e27c8553fe99b4	al.gga.psp	d76ceac60058e230eac514fc419269433a33b199eb6abfa7d6ab43cde248bd1d	S1-20260805-039	runs/S1-20260805-039/result.json	51aa779da60333dc3de01b7d03ba0e5d04297225188c72fecb0653911b641fc5	runs/S1-20260805-039/OUT.s1_al_v100_ksdft_standard/running_scf.log	03883080b57638b6914ce0e5a9276b0eb5b322737ab3719eebc9593ef8469da5
S1-20260805-040	primary_baseline	al	ksdft_standard	ksdft	1.03	3	existing_reciprocal_restart	runs/S1-20260805-040/OUT.s1_al_v103_ksdft_standard/s1_al_v103_ksdft_standard-CHARGE-DENSITY.restart	5b84a764f7e59e3973ab41248be07d4631515119bbdb4743270ef8bf2e5f63d5				2acd6da5cdb27be9bf29dd0c53e234e208be8cf72520b7a7b51d3ef1f3662875	2f36cb943594eb0cc81dcd3e7b6fd906e9e5da6f898fc5cfa9065db72589a683	e3d368f68869b907df36adf00a5dcbb3f54c9eb3622951d0f355667b61fce2bc	1fd559a9cd481e948d7460dda1a8ca7d8aebbb97b6f541b2457638d9b76f233a	al.gga.psp	d76ceac60058e230eac514fc419269433a33b199eb6abfa7d6ab43cde248bd1d	S1-20260805-040	runs/S1-20260805-040/result.json	5d44b0e4338c03626275ef78254e6a9402a0e3391349d5793e9eac76390ce72c	runs/S1-20260805-040/OUT.s1_al_v103_ksdft_standard/running_scf.log	77262234b1b2a8e43ee83f8eee1d26b53aee9d6384763eb1112ff1f5518978fb
S1-20260805-041	primary_baseline	al	ksdft_standard	ksdft	1.06	3	existing_reciprocal_restart	runs/S1-20260805-041/OUT.s1_al_v106_ksdft_standard/s1_al_v106_ksdft_standard-CHARGE-DENSITY.restart	2c93c262e7e4ee313bfc15a8dd221eeb9f395c983c9eed24bd4e0bc0b4b2f31d				2c68ca473595c1369ad44c0ab429855991708a778b841135cf2d7fe0d646cecb	c178b63db14ecf1fb24c1daaa8dd0db5803f5f584865bb537393b8cb108f2d36	e3d368f68869b907df36adf00a5dcbb3f54c9eb3622951d0f355667b61fce2bc	9fe5c8ced5489930d3e34b14b78b5631276b5feec21024a315efe6d9ec98fe18	al.gga.psp	d76ceac60058e230eac514fc419269433a33b199eb6abfa7d6ab43cde248bd1d	S1-20260805-041	runs/S1-20260805-041/result.json	c03d614538f1d089628649eb18dc57d6909479cc9f9ab76d963841fcbdfc52c7	runs/S1-20260805-041/OUT.s1_al_v106_ksdft_standard/running_scf.log	7da2d62bd91d427d8c43c50130a905252003aea8a99278412f3eb09e3f28db29
S1-20260805-042	primary_baseline	al	ksdft_standard	ksdft	1.1000000000000005	3	existing_reciprocal_restart	runs/S1-20260805-042/OUT.s1_al_v110_ksdft_standard/s1_al_v110_ksdft_standard-CHARGE-DENSITY.restart	16042494525e4afc74c2f003ba842c3320fd2eff7298a79c14a69bc6ec148b0b				37d056009408cfd013582e6dc397c5b7011f6d6c732f75a61ca67cafd73e4571	c3bbf795bf196b357cd95e7d4ba619229ad687896346ffe1bfd19a3ed463cfb1	e3d368f68869b907df36adf00a5dcbb3f54c9eb3622951d0f355667b61fce2bc	0bc42b0694e0fa76ff320b746b5b77b31c92ed0a713632080e82ae16e5ac7b84	al.gga.psp	d76ceac60058e230eac514fc419269433a33b199eb6abfa7d6ab43cde248bd1d	S1-20260805-042	runs/S1-20260805-042/result.json	65d9adee6de619c6374aa5af3a609bcd2c67dbe98eb3114332214269160ea682	runs/S1-20260805-042/OUT.s1_al_v110_ksdft_standard/running_scf.log	45f6a2a6639649b64ac558ac8a11ce92409b9a36793c42c93da0fd6622652ea8
S1-20260805-043	primary_baseline	al	ksdft_half	ksdft	0.9	3	existing_reciprocal_restart	runs/S1-20260805-043/OUT.s1_al_v090_ksdft_half/s1_al_v090_ksdft_half-CHARGE-DENSITY.restart	cf060273d64cc79d860f72faa0b3600b2546202db43c645762e6e2b84f3b5c65				e25024f1aa58a2fa86a241f717d6338525d9f3a872636a97538104c865c05444	78f39f8f09367c41279248b1772a2dbe9dd77d2839931891ce5696b7ebac7fea	e3d368f68869b907df36adf00a5dcbb3f54c9eb3622951d0f355667b61fce2bc	37a79089951b1834c67fe2f7a4cd3881f7e17bb212a345890a5760707a38c332	al.gga.psp	d76ceac60058e230eac514fc419269433a33b199eb6abfa7d6ab43cde248bd1d	S1-20260805-043	runs/S1-20260805-043/result.json	7f67fc799136071f9f4550c15f676c9b2a2e8749c518a0b8d4621ba732d3f656	runs/S1-20260805-043/OUT.s1_al_v090_ksdft_half/running_scf.log	c4ceb26fa707b71ece3284316b3227aa49127e7f18e4e3e2b1b79a01aaae3e9a
S1-20260805-044	primary_baseline	al	ksdft_half	ksdft	0.9400000000000002	3	existing_reciprocal_restart	runs/S1-20260805-044/OUT.s1_al_v094_ksdft_half/s1_al_v094_ksdft_half-CHARGE-DENSITY.restart	2b97c097d376fee05b49724a9b57a0f63ced1dea9288a9e5d4e5d560ac4bb898				887ddf3386c6a146664053963ebd500b2cd5773e0833a523a444c6be113b24f2	6cce927335466a5ae8bd542f80cc149f85513eb6fd68ef5adc3399a79f7b3fb4	e3d368f68869b907df36adf00a5dcbb3f54c9eb3622951d0f355667b61fce2bc	036908d7838673345d1ceabadf7f0112619268a70920e02fa94f2b1cb7ea5c85	al.gga.psp	d76ceac60058e230eac514fc419269433a33b199eb6abfa7d6ab43cde248bd1d	S1-20260805-044	runs/S1-20260805-044/result.json	f8d4d30dac04b9d4289f6a0ae731d36875d429b56ba2bce741154b2e1a73d230	runs/S1-20260805-044/OUT.s1_al_v094_ksdft_half/running_scf.log	3ef195f3a133cbba11f0b69baa3e2835d9a30143d842eeff8dd901dd87bf646f
S1-20260805-045	primary_baseline	al	ksdft_half	ksdft	0.9700000000000003	3	existing_reciprocal_restart	runs/S1-20260805-045/OUT.s1_al_v097_ksdft_half/s1_al_v097_ksdft_half-CHARGE-DENSITY.restart	2865315bf879b856c71f9881c0966a4cce8549f0f4f3412d9a8b1c03bb638a6e				fc2b5deebbe7f0149bdba5f5cf6d2f7c6109e2e5501b400cc5e30e9b3ef57cb8	afbc4693ab7f9da60ef2058d39a42af782e41982f8e64f06ee52a66b76c4150f	e3d368f68869b907df36adf00a5dcbb3f54c9eb3622951d0f355667b61fce2bc	4db3884a01b4a68922768b7372b636cdc47697b99d0eab2a5e0af80ee3ab3177	al.gga.psp	d76ceac60058e230eac514fc419269433a33b199eb6abfa7d6ab43cde248bd1d	S1-20260805-045	runs/S1-20260805-045/result.json	4fca2fec9d1fc873969f5f98523f7744f1a0d77f2d266e1457833d120f57bd5a	runs/S1-20260805-045/OUT.s1_al_v097_ksdft_half/running_scf.log	73b24f344b049e3cb410ca859faeee2ec04338a5e8a131b12c46603cbcae5769
S1-20260805-046	primary_baseline	al	ksdft_half	ksdft	1.0	3	existing_reciprocal_restart	runs/S1-20260805-046/OUT.s1_al_v100_ksdft_half/s1_al_v100_ksdft_half-CHARGE-DENSITY.restart	7b443625fb7ae4c622c3d8e42d8c1cf7a2254c27ce32e03ef415974aaccc2b96				fe427fbc2628726718e32faa3ac1c5569c99cc6a63ccffc8929c4b6c4f1dfaa0	31279eb4f9a5a6ad20376271c79c03a8ead1676cb697b5065515041f6799d437	e3d368f68869b907df36adf00a5dcbb3f54c9eb3622951d0f355667b61fce2bc	8599724590b4c4466c86e248114a79467620d7453abe117f62e03c9cdb77597d	al.gga.psp	d76ceac60058e230eac514fc419269433a33b199eb6abfa7d6ab43cde248bd1d	S1-20260805-046	runs/S1-20260805-046/result.json	bef4f170a1392512a7bb7c395366e8db0bfb866d5745781433a446ca8f09093b	runs/S1-20260805-046/OUT.s1_al_v100_ksdft_half/running_scf.log	d7afae94763ed00d47423fb68965e61c66790691983ef65f18f34456cdef0150
S1-20260805-047	primary_baseline	al	ksdft_half	ksdft	1.03	3	existing_reciprocal_restart	runs/S1-20260805-047/OUT.s1_al_v103_ksdft_half/s1_al_v103_ksdft_half-CHARGE-DENSITY.restart	427f184f9efaa5491bfc85cac55486e140abded21b06b44fb94956178a908226				59ab6a2101a05a0fc688c41d862b0f8e47adb0db9942000625c4e05e6d4ab0ec	2f36cb943594eb0cc81dcd3e7b6fd906e9e5da6f898fc5cfa9065db72589a683	e3d368f68869b907df36adf00a5dcbb3f54c9eb3622951d0f355667b61fce2bc	d9eca4e9c8c92274903cf6ddb1cdd0ceb47dbb1173df310019d323747950dca2	al.gga.psp	d76ceac60058e230eac514fc419269433a33b199eb6abfa7d6ab43cde248bd1d	S1-20260805-047	runs/S1-20260805-047/result.json	31d9fe74970e0721ad52168675182ec6b4a765904e96af936fc7ca2b8d326e45	runs/S1-20260805-047/OUT.s1_al_v103_ksdft_half/running_scf.log	1aa28021a7fc3a34642e56745d13c89dbaa260d5e846222479764503fcaf6dc5
S1-20260805-048	primary_baseline	al	ksdft_half	ksdft	1.06	3	existing_reciprocal_restart	runs/S1-20260805-048/OUT.s1_al_v106_ksdft_half/s1_al_v106_ksdft_half-CHARGE-DENSITY.restart	db90ddcb457d2f17676f85fe0d0099d429ef1ce80ff26feb5df4ab9942088c82				09b68092c6858538f851e29c1d0dae057a1034b29904b228d3e3898be16fa24b	c178b63db14ecf1fb24c1daaa8dd0db5803f5f584865bb537393b8cb108f2d36	e3d368f68869b907df36adf00a5dcbb3f54c9eb3622951d0f355667b61fce2bc	5649070a4a19003f1daeeb8824d060507b0294be2727f63d0e223a983c8b2dfe	al.gga.psp	d76ceac60058e230eac514fc419269433a33b199eb6abfa7d6ab43cde248bd1d	S1-20260805-048	runs/S1-20260805-048/result.json	1c75b7d189318a51dc7cb38feb9d23558430921b0856e9de87a6d87325c1cd58	runs/S1-20260805-048/OUT.s1_al_v106_ksdft_half/running_scf.log	7335dda264e37ff8e529aae79a077f2597facd7fd0fdb5bacfb7460853a199a6
S1-20260805-049	primary_baseline	al	ksdft_half	ksdft	1.1000000000000005	3	existing_reciprocal_restart	runs/S1-20260805-049/OUT.s1_al_v110_ksdft_half/s1_al_v110_ksdft_half-CHARGE-DENSITY.restart	201f70625c6f45b308a3af8fdaa42149ca947195d74c6e608e659b64c38222fd				3da36770dcc0269ac037d31e757ffc1e8293cedd3c603a94a2e52a2f6a6516e0	c3bbf795bf196b357cd95e7d4ba619229ad687896346ffe1bfd19a3ed463cfb1	e3d368f68869b907df36adf00a5dcbb3f54c9eb3622951d0f355667b61fce2bc	43edaa0be8451ed013203af8c9837e337ba3fc29224de1dac35060e0261809b1	al.gga.psp	d76ceac60058e230eac514fc419269433a33b199eb6abfa7d6ab43cde248bd1d	S1-20260805-049	runs/S1-20260805-049/result.json	fdabfd9c3148d9517eec13fbdb90a1d2d844976b92e8861d428a4581b6422189	runs/S1-20260805-049/OUT.s1_al_v110_ksdft_half/running_scf.log	020144f396a5a0bffc53dc51ed9bb3504c98704d4d7c15b3c4de2f29c6181cbc
S1-20260805-050	primary_baseline	mg	ofdft	ofdft	0.9	4	high_precision_cube_replay	runs/S1-20260805-128/OUT.g1_ne_128_from_050/chg.cube		S1-20260805-128	inputs/s1/electron_number_audit/S1-20260805-128	g1_ne_128_from_050	76463ac23c93b1468959b21611a96fa1db3407797051df63a53aae45b81c5aff	0e7bfc23e322646ef9a3a3ab3f83d913c6116b293baf0e8982368679601ebbd6	91042b39ee493cb5c1bee648adc865a2e5935a29278eb405dc009f994db55ece	c6f7e00b25453871e1011dc8c5df4ccf376fd48609f05c4456587ae31b4b7d12	mg.lda.lps	4b964580cfbd798708299bb0e0baef2f437983d29e6d7040f63b7532038b4259	S1-20260805-050	runs/S1-20260805-050/result.json	888bf627f757a12345c093601cb2c512ea069bdcab35c0aff93b1f9b1cddcef9	runs/S1-20260805-050/OUT.s1_mg_v090_ofdft/running_scf.log	e61d255ec0683f4be1c87925026a5c9aa1b78ca987374b26c2b9f440bb6ae138
S1-20260805-051	primary_baseline	mg	ofdft	ofdft	0.9400000000000002	4	high_precision_cube_replay	runs/S1-20260805-129/OUT.g1_ne_129_from_051/chg.cube		S1-20260805-129	inputs/s1/electron_number_audit/S1-20260805-129	g1_ne_129_from_051	a4483c3880d937111b8d7ac803b1f130ca194cec2c99fc08e2ca5caaed41c515	ed85bda9b5c17c0907fcadfa4840d546c4e069ae51be657c3b3a4649684ac353	91042b39ee493cb5c1bee648adc865a2e5935a29278eb405dc009f994db55ece	55c8b253719bf040ad075dad4791fc9a1fba753530425b7774ac921bffad5340	mg.lda.lps	4b964580cfbd798708299bb0e0baef2f437983d29e6d7040f63b7532038b4259	S1-20260805-051	runs/S1-20260805-051/result.json	879a5b0b40f1d8628b44d7715aa074d370a8bf747c303b6fbbeebcc349400fd9	runs/S1-20260805-051/OUT.s1_mg_v094_ofdft/running_scf.log	c4ee8e32594ff278776bd2ef2eb9a8cad90281c184bd7b5a3bf356891ebc29a5
S1-20260805-052	primary_baseline	mg	ofdft	ofdft	0.9700000000000002	4	high_precision_cube_replay	runs/S1-20260805-130/OUT.g1_ne_130_from_052/chg.cube		S1-20260805-130	inputs/s1/electron_number_audit/S1-20260805-130	g1_ne_130_from_052	5732a6c5eabd43b9e3634a1cf2eda47f97a92404a5283f8e453224a49dbedcb7	265aadee1b70fc2f5c3cba85d30ac4b5b8f5a7dd88838c44f8cbfc5db97311af	91042b39ee493cb5c1bee648adc865a2e5935a29278eb405dc009f994db55ece	284574c08dce1b2c72190499c554395701a50032597f88890c81db4ca0b75d23	mg.lda.lps	4b964580cfbd798708299bb0e0baef2f437983d29e6d7040f63b7532038b4259	S1-20260805-052	runs/S1-20260805-052/result.json	e76131e6638099ac353af44bf4e6bb72536d6c2e808c5183d707c7d7fcef0501	runs/S1-20260805-052/OUT.s1_mg_v097_ofdft/running_scf.log	fe20f55279f06eb54289f75c25e13f9ce4c0006d9f5b2c856e39a4b9a91a99ee
S1-20260805-053	primary_baseline	mg	ofdft	ofdft	1.0	4	high_precision_cube_replay	runs/S1-20260805-131/OUT.g1_ne_131_from_053/chg.cube		S1-20260805-131	inputs/s1/electron_number_audit/S1-20260805-131	g1_ne_131_from_053	223ac2500c3418a3b99bda178e30e8d9fd708ee0f547d886b148d468a557bbc1	f65d6ce58a2ccc15d9970a14ecfb40a800f4d7a27b325a4d9aae344999faf19c	91042b39ee493cb5c1bee648adc865a2e5935a29278eb405dc009f994db55ece	2dce5bdd3ef1265d27e06e604563e621cebbada60ad70c9decb6b019f2e166ba	mg.lda.lps	4b964580cfbd798708299bb0e0baef2f437983d29e6d7040f63b7532038b4259	S1-20260805-053	runs/S1-20260805-053/result.json	2bc81a95c55324621e5fb57a1877ac7860643642cc470e74da47bd1a02fba8db	runs/S1-20260805-053/OUT.s1_mg_v100_ofdft/running_scf.log	63d2b600313371efd48a4478998972cb9b7cab9b2ce764949b6296503872ed6f
S1-20260805-054	primary_baseline	mg	ofdft	ofdft	1.03	4	high_precision_cube_replay	runs/S1-20260805-132/OUT.g1_ne_132_from_054/chg.cube		S1-20260805-132	inputs/s1/electron_number_audit/S1-20260805-132	g1_ne_132_from_054	717c81d739f408dfae0f3e1c1331bf9df6ac12ec1dffd10898b96e03856282b1	98aa8e2bdcd877e9ec6d0397070f213c24c4b38fba559540fcdd1ebce02ea76d	91042b39ee493cb5c1bee648adc865a2e5935a29278eb405dc009f994db55ece	a3c4d4248fe1cf9b31e7dd6e5b726f277bc3a40d046f273ec38ded53489590ba	mg.lda.lps	4b964580cfbd798708299bb0e0baef2f437983d29e6d7040f63b7532038b4259	S1-20260805-054	runs/S1-20260805-054/result.json	c7bca7144e57c878824c79bf01c69d4f261f0f1ad2f9a8fbe10a54d3241885e0	runs/S1-20260805-054/OUT.s1_mg_v103_ofdft/running_scf.log	e4f55b4c1ff4b9271c025c6305d5dce785b0b48bc516be59edb5dc1949a34006
S1-20260805-055	primary_baseline	mg	ofdft	ofdft	1.06	4	high_precision_cube_replay	runs/S1-20260805-133/OUT.g1_ne_133_from_055/chg.cube		S1-20260805-133	inputs/s1/electron_number_audit/S1-20260805-133	g1_ne_133_from_055	4cb44ffe0e29b99aca7c74a2b4dcf576221bc9db934f536be41743c86fec53c8	bb0d40d53f0e969384656b0757876d5ea489208aafd6fec7592e2549cd6db331	91042b39ee493cb5c1bee648adc865a2e5935a29278eb405dc009f994db55ece	2f79eb9fe7375e9bd515eaaaaffd19faaa23243a173b845b2aa4dd279faa343a	mg.lda.lps	4b964580cfbd798708299bb0e0baef2f437983d29e6d7040f63b7532038b4259	S1-20260805-055	runs/S1-20260805-055/result.json	85fd56ef04045f174958dbb1af5675520498fceef5588ccf056107dd35bdc6ca	runs/S1-20260805-055/OUT.s1_mg_v106_ofdft/running_scf.log	f505558855b241ef1d96117b0ff8c26a7ddeda008097e4bbea60c7dc9909cb12
S1-20260805-056	primary_baseline	mg	ofdft	ofdft	1.1000000000000003	4	high_precision_cube_replay	runs/S1-20260805-134/OUT.g1_ne_134_from_056/chg.cube		S1-20260805-134	inputs/s1/electron_number_audit/S1-20260805-134	g1_ne_134_from_056	05b19610738a2ea3483d8a29f7d78afe9442864428aa1ed2ce303f17b907a367	2830ba604f066a34709da8abb3fa32449372e05b41c2715e999ffd0eeafb8512	91042b39ee493cb5c1bee648adc865a2e5935a29278eb405dc009f994db55ece	6b11f3faace2c09b2d88e59e5540db0b484943d8ea628f55afeb7a4269c653b4	mg.lda.lps	4b964580cfbd798708299bb0e0baef2f437983d29e6d7040f63b7532038b4259	S1-20260805-056	runs/S1-20260805-056/result.json	183fa4b678eb4a19e930c85a02ef9a5d2c343d68353d0fb0a3891ee31e849fed	runs/S1-20260805-056/OUT.s1_mg_v110_ofdft/running_scf.log	6fdaf75fbe8640cf45bce5601bcebc2429518c26b150fb4cb399dbf4eabbe87d
S1-20260805-057	primary_baseline	mg	ksdft_standard	ksdft	0.9	4	existing_reciprocal_restart	runs/S1-20260805-057/OUT.s1_mg_v090_ksdft_standard/s1_mg_v090_ksdft_standard-CHARGE-DENSITY.restart	098802cc17887c748ef076c47a20218745dd2a8023730097b3d8186cbde38404				fa5dc3a35c266ef331ecebb253cb10493cab504d27ea09e951fa8ee99a2cc945	0e7bfc23e322646ef9a3a3ab3f83d913c6116b293baf0e8982368679601ebbd6	32951288ba89ed36da286ec24d81bed9cfa10f49f146f6359c247bd9e0df4512	873b644fe1056544264d6174e6d73040269b67d6efec8de7cc846f3b89e3d992	mg.lda.lps	4b964580cfbd798708299bb0e0baef2f437983d29e6d7040f63b7532038b4259	S1-20260805-057	runs/S1-20260805-057/result.json	f59bdf0d4c1524ddc8bee347e2a9b819db8a4b8f196bda83fc7b41ba197ffc5a	runs/S1-20260805-057/OUT.s1_mg_v090_ksdft_standard/running_scf.log	fd3f58d923064e79c4011b72bdebebde8838e55c9549edf856618cc99db32ca9
S1-20260805-058	primary_baseline	mg	ksdft_standard	ksdft	0.9400000000000002	4	existing_reciprocal_restart	runs/S1-20260805-058/OUT.s1_mg_v094_ksdft_standard/s1_mg_v094_ksdft_standard-CHARGE-DENSITY.restart	e07921b0f97c069baf344a9c3549ef149611cfde0bbf026e52768d9fc5b00f5a				33eeb56d8b1eaf4b549018b11d77cd726eb2249a7197ca0e4e5a7e7db3589349	ed85bda9b5c17c0907fcadfa4840d546c4e069ae51be657c3b3a4649684ac353	32951288ba89ed36da286ec24d81bed9cfa10f49f146f6359c247bd9e0df4512	6c21b69188faba0076b040e5083cd90521ae622c4e71aa3278e102971c6b9f38	mg.lda.lps	4b964580cfbd798708299bb0e0baef2f437983d29e6d7040f63b7532038b4259	S1-20260805-058	runs/S1-20260805-058/result.json	a8c15760a6a596468a482958b692ac1cccd8883ce2322569d65f56024c901c19	runs/S1-20260805-058/OUT.s1_mg_v094_ksdft_standard/running_scf.log	6147ab9d70b5b7acb626364193e0cfa67fe3a4e5e2024656dd69847218b43c90
S1-20260805-059	primary_baseline	mg	ksdft_standard	ksdft	0.9700000000000002	4	existing_reciprocal_restart	runs/S1-20260805-059/OUT.s1_mg_v097_ksdft_standard/s1_mg_v097_ksdft_standard-CHARGE-DENSITY.restart	27c6ef6859b38305cc56f3f24837e81e70ab8aaf27ef77efd150fd925bbc4a45				f91241e0c2e4d48bec95da7f9de5e36fbfcdf9ceb88e32afb1edc79e15bb04e5	265aadee1b70fc2f5c3cba85d30ac4b5b8f5a7dd88838c44f8cbfc5db97311af	32951288ba89ed36da286ec24d81bed9cfa10f49f146f6359c247bd9e0df4512	fb32a09eb98795fa8b1fed054bf0790cffa83b528846d0ae69d64da6d08ba578	mg.lda.lps	4b964580cfbd798708299bb0e0baef2f437983d29e6d7040f63b7532038b4259	S1-20260805-059	runs/S1-20260805-059/result.json	abb30203ee736665d813617a8651069274822d6081b70189cd6efd147ddeaf2c	runs/S1-20260805-059/OUT.s1_mg_v097_ksdft_standard/running_scf.log	d35c8df6ce324b4e64755bea4cdf23c878983b7b2b78eece0a8c82c816e8bc7a
S1-20260805-060	primary_baseline	mg	ksdft_standard	ksdft	1.0	4	existing_reciprocal_restart	runs/S1-20260805-060/OUT.s1_mg_v100_ksdft_standard/s1_mg_v100_ksdft_standard-CHARGE-DENSITY.restart	4ec78ef9618ffc651bfbbf8a01724983f6d498723fc341b84581c176fbba56e1				c49b26e260fc08610bd6c98316e9a60ee460885d017808aff0eae85363d49a13	f65d6ce58a2ccc15d9970a14ecfb40a800f4d7a27b325a4d9aae344999faf19c	32951288ba89ed36da286ec24d81bed9cfa10f49f146f6359c247bd9e0df4512	62ce1005c4733d68e140ad43f15a683a326792c37e5894f42d3741db5e4cfd38	mg.lda.lps	4b964580cfbd798708299bb0e0baef2f437983d29e6d7040f63b7532038b4259	S1-20260805-060	runs/S1-20260805-060/result.json	d6ec3a56b1c25f0be04c4bd05f5a30c5912495a423c35010b7eca99de5fce4a7	runs/S1-20260805-060/OUT.s1_mg_v100_ksdft_standard/running_scf.log	024624274e2d93c587b3d1530816a9b9c6095366962130ed60b9e695b87cfaf6
S1-20260805-061	primary_baseline	mg	ksdft_standard	ksdft	1.03	4	existing_reciprocal_restart	runs/S1-20260805-061/OUT.s1_mg_v103_ksdft_standard/s1_mg_v103_ksdft_standard-CHARGE-DENSITY.restart	01f4a2b5a3b0e632e520fe874c436a3be67b586ffae97f9e773bd8e5e31b78b4				2fd3965b41496dba569b7b14b0c98626c15c0ce100f47c20c4ca3bf0171cef14	98aa8e2bdcd877e9ec6d0397070f213c24c4b38fba559540fcdd1ebce02ea76d	32951288ba89ed36da286ec24d81bed9cfa10f49f146f6359c247bd9e0df4512	50c5a93f6d6564a9b597a890b72f0692cfbf9b7eb41af421bc3724fa232afbdb	mg.lda.lps	4b964580cfbd798708299bb0e0baef2f437983d29e6d7040f63b7532038b4259	S1-20260805-061	runs/S1-20260805-061/result.json	19efa5c734bf85eeaadbcf597418fe6881840ac71fd88f690670b8b6d12e0980	runs/S1-20260805-061/OUT.s1_mg_v103_ksdft_standard/running_scf.log	0676f4d5549360c8930df6cf95eba4d2840d23ed56b2570e456e096691384cd9
S1-20260805-062	primary_baseline	mg	ksdft_standard	ksdft	1.06	4	existing_reciprocal_restart	runs/S1-20260805-062/OUT.s1_mg_v106_ksdft_standard/s1_mg_v106_ksdft_standard-CHARGE-DENSITY.restart	8847e46bc660ea461dc5751a1b9b94d1206321a469b51a168be9f3c25c1e4a34				14bdbb57584543eb68d5ced17bd02d6fa7b0224fca112932d6a54bd6b6dc5ea7	bb0d40d53f0e969384656b0757876d5ea489208aafd6fec7592e2549cd6db331	32951288ba89ed36da286ec24d81bed9cfa10f49f146f6359c247bd9e0df4512	87fd13cf50f66777d212b2f139c793f53337b4dc81bd13db46a7a483014e6d04	mg.lda.lps	4b964580cfbd798708299bb0e0baef2f437983d29e6d7040f63b7532038b4259	S1-20260805-062	runs/S1-20260805-062/result.json	208d732cabafbcfb9a715f76aedc38bec0adf9401cb5d5a62be176c3b7f6f1d0	runs/S1-20260805-062/OUT.s1_mg_v106_ksdft_standard/running_scf.log	35810d75617bb5226e965bf2e88952d3481d455020797a2e7d7ff4db181c76af
S1-20260805-063	primary_baseline	mg	ksdft_standard	ksdft	1.1000000000000003	4	existing_reciprocal_restart	runs/S1-20260805-063/OUT.s1_mg_v110_ksdft_standard/s1_mg_v110_ksdft_standard-CHARGE-DENSITY.restart	f8eb75d60435d534dc5c46546f2b3d9d7109a9d441421098cf773c14de10d0f2				8c5a29d3afc752f42e96bef8f86481d1a742924f4ba7b989da2bfd81e7a6e90c	2830ba604f066a34709da8abb3fa32449372e05b41c2715e999ffd0eeafb8512	32951288ba89ed36da286ec24d81bed9cfa10f49f146f6359c247bd9e0df4512	aa9eca94b5edcc0e9f1ec24292296e52ad77e02a7a5701c223e7b443380b6caa	mg.lda.lps	4b964580cfbd798708299bb0e0baef2f437983d29e6d7040f63b7532038b4259	S1-20260805-063	runs/S1-20260805-063/result.json	5b51f5160af11bc64a578f60205e775e8bc5269c4cfd3a0ab8539ff288df65e6	runs/S1-20260805-063/OUT.s1_mg_v110_ksdft_standard/running_scf.log	f981a079fcc9444956c7481919e8bb60e98f9d6f35a38babc34d09d54b2e9c79
S1-20260805-064	primary_baseline	mg	ksdft_half	ksdft	0.9	4	existing_reciprocal_restart	runs/S1-20260805-064/OUT.s1_mg_v090_ksdft_half/s1_mg_v090_ksdft_half-CHARGE-DENSITY.restart	ee46c671b6745a8fc1afdbbd0856e5f87bb852d9177cf208af71794ed2b7fa65				990fbb457436f3489cab9b5497055a94937f870ff27b101fde8772ed38463d41	0e7bfc23e322646ef9a3a3ab3f83d913c6116b293baf0e8982368679601ebbd6	32951288ba89ed36da286ec24d81bed9cfa10f49f146f6359c247bd9e0df4512	b0f9d0ba9fa3511307b6c1140dd811d3d8e83a7c2b71957f1418d17d69365b5d	mg.lda.lps	4b964580cfbd798708299bb0e0baef2f437983d29e6d7040f63b7532038b4259	S1-20260805-064	runs/S1-20260805-064/result.json	7a81d7bfea93ce9aaef61bc9e712413f8a1a9a1b6f34232911a6963eaf7c5aa3	runs/S1-20260805-064/OUT.s1_mg_v090_ksdft_half/running_scf.log	4279a59428fdfe196932649a224705ed3dd51dc39e6110cd1484c57ef7c0fada
S1-20260805-065	primary_baseline	mg	ksdft_half	ksdft	0.9400000000000002	4	existing_reciprocal_restart	runs/S1-20260805-065/OUT.s1_mg_v094_ksdft_half/s1_mg_v094_ksdft_half-CHARGE-DENSITY.restart	2eb8c890bdc3f8571d3d3846645e553980b2f99c193c16dc59d43b30dba07c42				18f05cd86bf02e142519a0dd8f91d41e8bdfbefb4f88a48e7caac9d2f114a9d3	ed85bda9b5c17c0907fcadfa4840d546c4e069ae51be657c3b3a4649684ac353	32951288ba89ed36da286ec24d81bed9cfa10f49f146f6359c247bd9e0df4512	fb26dbfd63867c1c488a3a11b639c005b6cd526651da26cd3c012e6b3ead9a68	mg.lda.lps	4b964580cfbd798708299bb0e0baef2f437983d29e6d7040f63b7532038b4259	S1-20260805-065	runs/S1-20260805-065/result.json	e5f65a398eb1c5341fe56bc0e68d1b0ef35e4d4bfc78c4f7c1edf508e553d20a	runs/S1-20260805-065/OUT.s1_mg_v094_ksdft_half/running_scf.log	33d050bb1472635a8987b9dfecaf74a6f5e27765d195e04dc130f920b0f30213
S1-20260805-066	primary_baseline	mg	ksdft_half	ksdft	0.9700000000000002	4	existing_reciprocal_restart	runs/S1-20260805-066/OUT.s1_mg_v097_ksdft_half/s1_mg_v097_ksdft_half-CHARGE-DENSITY.restart	8970e6f8181ae9c1f2c6e86df9c7d3d162a74918631f5e36fbdc2a878cf3f7f5				16b2db6cf89cc5b5dfbc6cd9feaf700d75ce25482f131569e7b2e20a45a3bcb6	265aadee1b70fc2f5c3cba85d30ac4b5b8f5a7dd88838c44f8cbfc5db97311af	32951288ba89ed36da286ec24d81bed9cfa10f49f146f6359c247bd9e0df4512	874bd549bf6a4b1c687af0ecd0a12aec15c7166b0f2fcae941f8b2a2e915e7e0	mg.lda.lps	4b964580cfbd798708299bb0e0baef2f437983d29e6d7040f63b7532038b4259	S1-20260805-066	runs/S1-20260805-066/result.json	3c32e8408023042610b17ba2352c482e7829b0916c3a51f5f30a514a6416eee7	runs/S1-20260805-066/OUT.s1_mg_v097_ksdft_half/running_scf.log	ff0c6b8fb49831288ebb4d6c2aa1c07465dedd97fb2daf30804a4b65debe8285
S1-20260805-067	primary_baseline	mg	ksdft_half	ksdft	1.0	4	existing_reciprocal_restart	runs/S1-20260805-067/OUT.s1_mg_v100_ksdft_half/s1_mg_v100_ksdft_half-CHARGE-DENSITY.restart	77240d6aa235494c95efb99624513bead6a87f728638e11316ea4bb4b5c9620b				9e57ec4e84624b4beef35917f944ccbee8c9e2d6c1f2dda58b1dbf4f3f9cb70d	f65d6ce58a2ccc15d9970a14ecfb40a800f4d7a27b325a4d9aae344999faf19c	32951288ba89ed36da286ec24d81bed9cfa10f49f146f6359c247bd9e0df4512	293ea0c608f6f25111405b060ff2f977729f392ab912d25a2c4fb263a455429b	mg.lda.lps	4b964580cfbd798708299bb0e0baef2f437983d29e6d7040f63b7532038b4259	S1-20260805-067	runs/S1-20260805-067/result.json	0fef1f15dfcf3f2f67c8a417651295eb541e1679663fbf40b142c723837445b5	runs/S1-20260805-067/OUT.s1_mg_v100_ksdft_half/running_scf.log	8defa37489b330609eb7ce8c766a7e81b8583f9a45f420d69d57fd529d438e59
S1-20260805-068	primary_baseline	mg	ksdft_half	ksdft	1.03	4	existing_reciprocal_restart	runs/S1-20260805-068/OUT.s1_mg_v103_ksdft_half/s1_mg_v103_ksdft_half-CHARGE-DENSITY.restart	2ea26e52cf2d0f474be5b3c3e55484f2afe2b92ffe3004721872c76ef48ccaac				0d83ecb443a7fc47d545178cb27504b77aa838eb6978652e1f39c16ccd8f068e	98aa8e2bdcd877e9ec6d0397070f213c24c4b38fba559540fcdd1ebce02ea76d	32951288ba89ed36da286ec24d81bed9cfa10f49f146f6359c247bd9e0df4512	0d2c21203064cb0145c5646cbf146bd32e3ef8c1d10b64924ec172c5d9737b03	mg.lda.lps	4b964580cfbd798708299bb0e0baef2f437983d29e6d7040f63b7532038b4259	S1-20260805-068	runs/S1-20260805-068/result.json	55a021ffba6484e061eea17fff4713b2811fd323d7802d6c75f822bfdb21f980	runs/S1-20260805-068/OUT.s1_mg_v103_ksdft_half/running_scf.log	fbcd329d71bb278d5f181bf48cf27d2e9c6a5e116e45e741e01b3f4a17176e6f
S1-20260805-069	primary_baseline	mg	ksdft_half	ksdft	1.06	4	existing_reciprocal_restart	runs/S1-20260805-069/OUT.s1_mg_v106_ksdft_half/s1_mg_v106_ksdft_half-CHARGE-DENSITY.restart	db3d8079c6d092fff243621938b19f00bc6bf15737e812108c7737aa01a1233a				ee629f18b071ad76b9cf72399d69225461393866e774e4d72884f90f64be4f4f	bb0d40d53f0e969384656b0757876d5ea489208aafd6fec7592e2549cd6db331	32951288ba89ed36da286ec24d81bed9cfa10f49f146f6359c247bd9e0df4512	cc9ac9f30d1c01c92fcfaa7a877dfa93497ae8d06f24a163b5178ca527c5c40c	mg.lda.lps	4b964580cfbd798708299bb0e0baef2f437983d29e6d7040f63b7532038b4259	S1-20260805-069	runs/S1-20260805-069/result.json	92d06856a2e2561808016cd2d645511330f9b1fb0d0dd7e1505df73a7752ec6c	runs/S1-20260805-069/OUT.s1_mg_v106_ksdft_half/running_scf.log	88225ebe360594e9214b6d1c45a94c9de646e3f000d920e4346f9da0e929950d
S1-20260805-070	primary_baseline	mg	ksdft_half	ksdft	1.1000000000000003	4	existing_reciprocal_restart	runs/S1-20260805-070/OUT.s1_mg_v110_ksdft_half/s1_mg_v110_ksdft_half-CHARGE-DENSITY.restart	751ba516346d120d17ee86d61714831c117dbc3d15ab3b839ac6a88c8f50eee4				717eb7af3920ed8c5f7e67f327d8e1802d5eaacbe4e787f4259ff018193cf780	2830ba604f066a34709da8abb3fa32449372e05b41c2715e999ffd0eeafb8512	32951288ba89ed36da286ec24d81bed9cfa10f49f146f6359c247bd9e0df4512	dcf71006f166508fb744834e12748d34a2a394521b954e41e8e3e8cee0c63569	mg.lda.lps	4b964580cfbd798708299bb0e0baef2f437983d29e6d7040f63b7532038b4259	S1-20260805-070	runs/S1-20260805-070/result.json	7ae5ad4221cfce86ec75bd1dff304cd293d8e5b40c6f8cad42030be9364f45bc	runs/S1-20260805-070/OUT.s1_mg_v110_ksdft_half/running_scf.log	19707b3eadff025d1f867216e33573156f82f01523558f47b30d5a645ccbcc01
S1-20260805-071	primary_baseline	al	ofdft_next_cutoff	ofdft	0.9	3	high_precision_cube_replay	runs/S1-20260805-135/OUT.g1_ne_135_from_071/chg.cube		S1-20260805-135	inputs/s1/electron_number_audit/S1-20260805-135	g1_ne_135_from_071	8c38a6bfd692332e4120c3e2a08a78f4dbfc0578abe0337b5faca3f2bbc03608	78f39f8f09367c41279248b1772a2dbe9dd77d2839931891ce5696b7ebac7fea	91042b39ee493cb5c1bee648adc865a2e5935a29278eb405dc009f994db55ece	2cf71c542b28641994b3be83b81395f25e1be2adf53a677e6aec25c0690dfaa0	al.gga.psp	d76ceac60058e230eac514fc419269433a33b199eb6abfa7d6ab43cde248bd1d	S1-20260805-071	runs/S1-20260805-071/result.json	9045f6337faf968b24b9eb42df1248ea29d27d84a84c5065a0f5da4b938f5066	runs/S1-20260805-071/OUT.s1_al_v090_ofdft_next_cutoff/running_scf.log	6ab2d8496ceb63804fa8b7cb830a44a2fc98a23f0a0ebad5831b13e74846b8d4
S1-20260805-072	primary_baseline	al	ofdft_next_cutoff	ofdft	0.9400000000000002	3	high_precision_cube_replay	runs/S1-20260805-136/OUT.g1_ne_136_from_072/chg.cube		S1-20260805-136	inputs/s1/electron_number_audit/S1-20260805-136	g1_ne_136_from_072	c98ee366fa61431fed3d364b6f032f842c2e36c98939048421325ac88518f6e9	6cce927335466a5ae8bd542f80cc149f85513eb6fd68ef5adc3399a79f7b3fb4	91042b39ee493cb5c1bee648adc865a2e5935a29278eb405dc009f994db55ece	1a386be8741b77f10ab1c78519a384fbb17951e69f0eac9502f4df68456f39b0	al.gga.psp	d76ceac60058e230eac514fc419269433a33b199eb6abfa7d6ab43cde248bd1d	S1-20260805-072	runs/S1-20260805-072/result.json	a86c67686139488656641d32798a7d83f6ce0bb78717cb7e0066fd0e0556d4a2	runs/S1-20260805-072/OUT.s1_al_v094_ofdft_next_cutoff/running_scf.log	0f87d5a9bd9f072113e7951bdd1563ac99a234cf1d7bcbc346a4d396c201b39f
S1-20260805-073	primary_baseline	al	ofdft_next_cutoff	ofdft	0.9700000000000003	3	high_precision_cube_replay	runs/S1-20260805-137/OUT.g1_ne_137_from_073/chg.cube		S1-20260805-137	inputs/s1/electron_number_audit/S1-20260805-137	g1_ne_137_from_073	a9364a7eb504af5df428d82c49c7acba0c96a61249995422d2b2a0bde399d01b	afbc4693ab7f9da60ef2058d39a42af782e41982f8e64f06ee52a66b76c4150f	91042b39ee493cb5c1bee648adc865a2e5935a29278eb405dc009f994db55ece	80cb7daf5da487cb580da9771717e3118b901614ba18a3663ff04e517b4e91d4	al.gga.psp	d76ceac60058e230eac514fc419269433a33b199eb6abfa7d6ab43cde248bd1d	S1-20260805-073	runs/S1-20260805-073/result.json	0aac3150a42be2c66ad93d87e03ba69b2ad777e2745516e3a580c57143763c81	runs/S1-20260805-073/OUT.s1_al_v097_ofdft_next_cutoff/running_scf.log	c1f856ec618b1ec52006c69771fc35fdc3384e163315b288338442713c96cc5e
S1-20260805-074	primary_baseline	al	ofdft_next_cutoff	ofdft	1.0	3	high_precision_cube_replay	runs/S1-20260805-138/OUT.g1_ne_138_from_074/chg.cube		S1-20260805-138	inputs/s1/electron_number_audit/S1-20260805-138	g1_ne_138_from_074	54023d7f94adfd7262ee6c72fbefb4a998400f81983d26c5a27e530ea752d236	31279eb4f9a5a6ad20376271c79c03a8ead1676cb697b5065515041f6799d437	91042b39ee493cb5c1bee648adc865a2e5935a29278eb405dc009f994db55ece	633fca8ab7a1bb79c0861c85c785ba7b281d7a1de2dd17930e9b265b8a10b9dd	al.gga.psp	d76ceac60058e230eac514fc419269433a33b199eb6abfa7d6ab43cde248bd1d	S1-20260805-074	runs/S1-20260805-074/result.json	93a28628e95d5d10ede91a911e99fc7814bc9013c8ca3dd2e0a118aba17c86fe	runs/S1-20260805-074/OUT.s1_al_v100_ofdft_next_cutoff/running_scf.log	a513863dba0225a0599adea825bebd6b7342db3c75232a3aee5256d4a1387fa6
S1-20260805-075	primary_baseline	al	ofdft_next_cutoff	ofdft	1.03	3	high_precision_cube_replay	runs/S1-20260805-139/OUT.g1_ne_139_from_075/chg.cube		S1-20260805-139	inputs/s1/electron_number_audit/S1-20260805-139	g1_ne_139_from_075	2bcef268cf28bc4ffb57436ba1bb5f6adfec612a8be286317d0d8c0903d6d209	2f36cb943594eb0cc81dcd3e7b6fd906e9e5da6f898fc5cfa9065db72589a683	91042b39ee493cb5c1bee648adc865a2e5935a29278eb405dc009f994db55ece	47f3dcfc9834e47f587e5384c45f81f12143e3cd3918addaacfabf99b71e6d49	al.gga.psp	d76ceac60058e230eac514fc419269433a33b199eb6abfa7d6ab43cde248bd1d	S1-20260805-075	runs/S1-20260805-075/result.json	ad45c3e63c1aea3bbd09d7d63dd520e4197d1fe358d9a44609b4b5bb49276330	runs/S1-20260805-075/OUT.s1_al_v103_ofdft_next_cutoff/running_scf.log	a58cbe7afadd459cc756183745c2436c43d9dacc0bccf77a7958d1f2900112f0
S1-20260805-076	primary_baseline	al	ofdft_next_cutoff	ofdft	1.06	3	high_precision_cube_replay	runs/S1-20260805-140/OUT.g1_ne_140_from_076/chg.cube		S1-20260805-140	inputs/s1/electron_number_audit/S1-20260805-140	g1_ne_140_from_076	7d35c1074ac799677db34598d092c90729f45956c5ab97b86abcc441ee2964e0	c178b63db14ecf1fb24c1daaa8dd0db5803f5f584865bb537393b8cb108f2d36	91042b39ee493cb5c1bee648adc865a2e5935a29278eb405dc009f994db55ece	171ba3756b8ec89f1dae296a650e11e6a322d4d0f4042f6210ac01dcc880206c	al.gga.psp	d76ceac60058e230eac514fc419269433a33b199eb6abfa7d6ab43cde248bd1d	S1-20260805-076	runs/S1-20260805-076/result.json	6d0c8e5acbc6f40805f5f89101779e1fc3409bf77417d1ebf0481bc72cd0a3b0	runs/S1-20260805-076/OUT.s1_al_v106_ofdft_next_cutoff/running_scf.log	bd1359bfe0f96a4720e61d215c7d8847ab16394ae96ff847b8523ddbadce02a3
S1-20260805-077	primary_baseline	al	ofdft_next_cutoff	ofdft	1.1000000000000005	3	high_precision_cube_replay	runs/S1-20260805-141/OUT.g1_ne_141_from_077/chg.cube		S1-20260805-141	inputs/s1/electron_number_audit/S1-20260805-141	g1_ne_141_from_077	a62eafc3baa9be312448b490ba82566658e6df6bcc812c215200feec5fb590e1	c3bbf795bf196b357cd95e7d4ba619229ad687896346ffe1bfd19a3ed463cfb1	91042b39ee493cb5c1bee648adc865a2e5935a29278eb405dc009f994db55ece	613f0a45e2896def44f573a3e2f8927b3c6e2accd7cd8c90a7d73319ca71590c	al.gga.psp	d76ceac60058e230eac514fc419269433a33b199eb6abfa7d6ab43cde248bd1d	S1-20260805-077	runs/S1-20260805-077/result.json	906f8396e3ea812f8b8b2a5d5bb5679169cd92a3c9574e402a1c89c90a8ab828	runs/S1-20260805-077/OUT.s1_al_v110_ofdft_next_cutoff/running_scf.log	3fc4d30587cf5d0eb1738a6001cb06322ece206dffe7534cfe03b43c4e9ee26d
S1-20260805-078	primary_baseline	al	ksdft_next_cutoff	ksdft	0.9	3	existing_reciprocal_restart	runs/S1-20260805-078/OUT.s1_al_v090_ksdft_next_cutoff/s1_al_v090_ksdft_next_cutoff-CHARGE-DENSITY.restart	2caabe1d05cffc3d290c1f58cbb158b3db63b2de4e62a54a1da2e17bed23c5c6				22e13fca8760c0446d9df880acc2c2064790754134e58c56951757b0f7bea9c3	78f39f8f09367c41279248b1772a2dbe9dd77d2839931891ce5696b7ebac7fea	e3d368f68869b907df36adf00a5dcbb3f54c9eb3622951d0f355667b61fce2bc	b5f7152adc299f92edf31bf2e23e09fc340de96cc17df5e1e0fe93f2cc528778	al.gga.psp	d76ceac60058e230eac514fc419269433a33b199eb6abfa7d6ab43cde248bd1d	S1-20260805-078	runs/S1-20260805-078/result.json	0e4c43c87c5ee23071d4a11f162d67ad6b9871c61c29b697275c2c71f9548574	runs/S1-20260805-078/OUT.s1_al_v090_ksdft_next_cutoff/running_scf.log	5b82bf011511964c592a0c5a608f0766b17313c99475d52f3b1c2da47c9f4fe2
S1-20260805-079	primary_baseline	al	ksdft_next_cutoff	ksdft	0.9400000000000002	3	existing_reciprocal_restart	runs/S1-20260805-079/OUT.s1_al_v094_ksdft_next_cutoff/s1_al_v094_ksdft_next_cutoff-CHARGE-DENSITY.restart	42a32e6e7bbff58c23869ad2bd08b3e78ac884154700a491469c41ef9414a356				64db888dadaaf08f97c455b6a100bfbf15d4aaa43f3a31226d412f3fe0461f58	6cce927335466a5ae8bd542f80cc149f85513eb6fd68ef5adc3399a79f7b3fb4	e3d368f68869b907df36adf00a5dcbb3f54c9eb3622951d0f355667b61fce2bc	9812d4f95bf6821cbc6ba28769d3dddb72986ad25e1be840537f4b1eec464fc1	al.gga.psp	d76ceac60058e230eac514fc419269433a33b199eb6abfa7d6ab43cde248bd1d	S1-20260805-079	runs/S1-20260805-079/result.json	7cab09bf64ca30c19ae2a550eebe8ee8abc4711af61ac7aeb8e640e402520c83	runs/S1-20260805-079/OUT.s1_al_v094_ksdft_next_cutoff/running_scf.log	fd2b5e049d9f9754a4a8db488904740e2528114be858a79865b547cdab809428
S1-20260805-080	primary_baseline	al	ksdft_next_cutoff	ksdft	0.9700000000000003	3	existing_reciprocal_restart	runs/S1-20260805-080/OUT.s1_al_v097_ksdft_next_cutoff/s1_al_v097_ksdft_next_cutoff-CHARGE-DENSITY.restart	a60884545a28931e9e2522012b98c54988759ccc5ddba39077a93a2ea0ced85b				72c070c4ce628f820c0b023be777584eaf0148f53cef06a6d7cde30b91931511	afbc4693ab7f9da60ef2058d39a42af782e41982f8e64f06ee52a66b76c4150f	e3d368f68869b907df36adf00a5dcbb3f54c9eb3622951d0f355667b61fce2bc	5a285a0b3eebcfeec2c1391cb5f95ef690a7fdee84a7a5472c33f698f09c82b6	al.gga.psp	d76ceac60058e230eac514fc419269433a33b199eb6abfa7d6ab43cde248bd1d	S1-20260805-080	runs/S1-20260805-080/result.json	329ff61a308b5ff20adf51f52a29e02c8b2a8164271788a8bc2aa53e0f7fb98a	runs/S1-20260805-080/OUT.s1_al_v097_ksdft_next_cutoff/running_scf.log	8c5d41a6fa8b69acf2d3a38312d097dcf74496e95be2d8cf701154d174b0c064
S1-20260805-081	primary_baseline	al	ksdft_next_cutoff	ksdft	1.0	3	existing_reciprocal_restart	runs/S1-20260805-081/OUT.s1_al_v100_ksdft_next_cutoff/s1_al_v100_ksdft_next_cutoff-CHARGE-DENSITY.restart	645ce26f2cca7f16dcfc9aa08858f03153f4d6161377bf021164c20647a80545				f5b66e219f1c4713d7121f44bf410fc31ae8895dc1f2abf4c19b12265c0aba57	31279eb4f9a5a6ad20376271c79c03a8ead1676cb697b5065515041f6799d437	e3d368f68869b907df36adf00a5dcbb3f54c9eb3622951d0f355667b61fce2bc	7e5869877df53103462eeb5003510421b06854b53cc4fb66835ba4a8fa18bfae	al.gga.psp	d76ceac60058e230eac514fc419269433a33b199eb6abfa7d6ab43cde248bd1d	S1-20260805-081	runs/S1-20260805-081/result.json	13e8b8f993bd21803f1017c9e5c4eb871ff67a0adcbbe62565ce090b8e31c629	runs/S1-20260805-081/OUT.s1_al_v100_ksdft_next_cutoff/running_scf.log	7df1a8e1d9c949fd5c6969e4f93cec73d257b5513aa1689a6e2eeeba8e06623a
S1-20260805-082	primary_baseline	al	ksdft_next_cutoff	ksdft	1.03	3	existing_reciprocal_restart	runs/S1-20260805-082/OUT.s1_al_v103_ksdft_next_cutoff/s1_al_v103_ksdft_next_cutoff-CHARGE-DENSITY.restart	c3bd5aa2ce517f876eab39691227797e55e05054855eec8a28e065fd22b069f1				d75309e62ce27dc08d9ed66bcf25ef021b1bbb14b29995e8b3c5f6b4297af7f0	2f36cb943594eb0cc81dcd3e7b6fd906e9e5da6f898fc5cfa9065db72589a683	e3d368f68869b907df36adf00a5dcbb3f54c9eb3622951d0f355667b61fce2bc	14cf0f062701a23d7d44983e2235f5ca8dcf069dc0f074993389da23d51e86a0	al.gga.psp	d76ceac60058e230eac514fc419269433a33b199eb6abfa7d6ab43cde248bd1d	S1-20260805-082	runs/S1-20260805-082/result.json	180e12d7272c5ec4b57a4c451ca19ebfdbc6ceda963297dd12cdfaf6620c2522	runs/S1-20260805-082/OUT.s1_al_v103_ksdft_next_cutoff/running_scf.log	2e39873ef498928be1b0154d5197fc7151438a9f1901f7fb78a4226ca1b1aa88
S1-20260805-083	primary_baseline	al	ksdft_next_cutoff	ksdft	1.06	3	existing_reciprocal_restart	runs/S1-20260805-083/OUT.s1_al_v106_ksdft_next_cutoff/s1_al_v106_ksdft_next_cutoff-CHARGE-DENSITY.restart	b642e1e37322f3a5d4e2b4736e671fab6d174efd9b79a6449ae3b3351a372406				912f5ab12bd64c5f0c551633b968e91637a0eec7bb3ae4d025a1431c3a765aed	c178b63db14ecf1fb24c1daaa8dd0db5803f5f584865bb537393b8cb108f2d36	e3d368f68869b907df36adf00a5dcbb3f54c9eb3622951d0f355667b61fce2bc	542df843d9b40423071a071b280a9ecb455d82ae2f72e260b7be126092651df4	al.gga.psp	d76ceac60058e230eac514fc419269433a33b199eb6abfa7d6ab43cde248bd1d	S1-20260805-083	runs/S1-20260805-083/result.json	ec8d9d1e81a90ce8ad05cf5482918c3599cdf1b5415a28851b95231501b48414	runs/S1-20260805-083/OUT.s1_al_v106_ksdft_next_cutoff/running_scf.log	f99ef590721aaadf260ee7e63db3fcf1b45408f4aadacd50aff52a2bf9913d00
S1-20260805-084	primary_baseline	al	ksdft_next_cutoff	ksdft	1.1000000000000005	3	existing_reciprocal_restart	runs/S1-20260805-084/OUT.s1_al_v110_ksdft_next_cutoff/s1_al_v110_ksdft_next_cutoff-CHARGE-DENSITY.restart	bc7d14f5b062285a99775783ed4a16c7e09bb341ca52917ff5d0afeecacbc2b7				5753a8f3b9486b2e22d5a7c4ab16e48f304196ab005dd290c480ce6182607670	c3bbf795bf196b357cd95e7d4ba619229ad687896346ffe1bfd19a3ed463cfb1	e3d368f68869b907df36adf00a5dcbb3f54c9eb3622951d0f355667b61fce2bc	eb41e837ae99da2c429fb9b55868af03ba35e9429a6e4925b870889af5a5177b	al.gga.psp	d76ceac60058e230eac514fc419269433a33b199eb6abfa7d6ab43cde248bd1d	S1-20260805-084	runs/S1-20260805-084/result.json	138587f9d871806db2dc6137d77563548d00a4d7e8836a9ffaef427a1de86f6a	runs/S1-20260805-084/OUT.s1_al_v110_ksdft_next_cutoff/running_scf.log	d12e5799d629715d46af7c643ed59e2801a56aa567200ddcb3f99cb017fcea5d
S1-20260805-085	primary_baseline	al	ksdft_next_kmesh	ksdft	0.9	3	existing_reciprocal_restart	runs/S1-20260805-085/OUT.s1_al_v090_ksdft_next_kmesh/s1_al_v090_ksdft_next_kmesh-CHARGE-DENSITY.restart	8f0a805424bff85cda80a14332fe85cb47dee707e853666122e97526d9e283ce				65319dc1eef443fb960dd678ec939df21114fb8353b7229f2c463e8736233a6d	78f39f8f09367c41279248b1772a2dbe9dd77d2839931891ce5696b7ebac7fea	0903e64e14f6e451103ae0d60e2b3afe07dbbee7aaabff907df214bfd1eb0bc8	a21951456515c133d140be36e1d7708fdf49968428ecf2c149d8a425576fd577	al.gga.psp	d76ceac60058e230eac514fc419269433a33b199eb6abfa7d6ab43cde248bd1d	S1-20260805-085	runs/S1-20260805-085/result.json	e1039701251daeb553d979827bfba724109206ff6d573ae11fa3b34294bd08f7	runs/S1-20260805-085/OUT.s1_al_v090_ksdft_next_kmesh/running_scf.log	e6f970816dbaf201e7f1cba97b044f306c097e3a5581a9b7512ac9a03532279b
S1-20260805-086	primary_baseline	al	ksdft_next_kmesh	ksdft	0.9400000000000002	3	existing_reciprocal_restart	runs/S1-20260805-086/OUT.s1_al_v094_ksdft_next_kmesh/s1_al_v094_ksdft_next_kmesh-CHARGE-DENSITY.restart	d59df629bc8c3b53ddd67dd92c95885eb68a33eb8015b591184c1d273f41d398				efe76c914f330b96f9b84caaf0297e64456e9eb6a5ba0963211e79511e3d8180	6cce927335466a5ae8bd542f80cc149f85513eb6fd68ef5adc3399a79f7b3fb4	0903e64e14f6e451103ae0d60e2b3afe07dbbee7aaabff907df214bfd1eb0bc8	bf254973de975fbd981eb31993756815d8e909a2b4d1499cb0f647edcd58d451	al.gga.psp	d76ceac60058e230eac514fc419269433a33b199eb6abfa7d6ab43cde248bd1d	S1-20260805-086	runs/S1-20260805-086/result.json	27cface4e4e4d0e6f96fa73bbe2210a32a8ee58613f1907481ee8e0771a7dd99	runs/S1-20260805-086/OUT.s1_al_v094_ksdft_next_kmesh/running_scf.log	ff17f64320073d00ffb54d10303987a51c849718b522c7e400d181a62e9a6f12
S1-20260805-087	primary_baseline	al	ksdft_next_kmesh	ksdft	0.9700000000000003	3	existing_reciprocal_restart	runs/S1-20260805-087/OUT.s1_al_v097_ksdft_next_kmesh/s1_al_v097_ksdft_next_kmesh-CHARGE-DENSITY.restart	a465479404bcbfcab73aa9543acb649e33cf9deb30d4ed37957dbfc631c8465e				132a579eff95d1d2307e959048d56dc958924c35b36ecbca520b0e6309b81856	afbc4693ab7f9da60ef2058d39a42af782e41982f8e64f06ee52a66b76c4150f	0903e64e14f6e451103ae0d60e2b3afe07dbbee7aaabff907df214bfd1eb0bc8	98f326032537f31776d2c7f57658574258a2d4f864ba2b6a2160e465cd944ffd	al.gga.psp	d76ceac60058e230eac514fc419269433a33b199eb6abfa7d6ab43cde248bd1d	S1-20260805-087	runs/S1-20260805-087/result.json	d62dd597758c2c2583439e466a93efabbcbdc96880e7380974ac7bc58aee98e0	runs/S1-20260805-087/OUT.s1_al_v097_ksdft_next_kmesh/running_scf.log	6b3f6b415dbec2b7a81b1871b31168679be6c9334a3675bdb3f4c267f1e8159b
S1-20260805-088	primary_baseline	al	ksdft_next_kmesh	ksdft	1.0	3	existing_reciprocal_restart	runs/S1-20260805-088/OUT.s1_al_v100_ksdft_next_kmesh/s1_al_v100_ksdft_next_kmesh-CHARGE-DENSITY.restart	d0961169d5eea44f3b5bc54844de1ea8edb26961d3751b66aba92ed6df9d9993				3867a0c98b25ced4c7c3c0cc806e4c2bc287f13dcf4e7b077320d43f8f02aa69	31279eb4f9a5a6ad20376271c79c03a8ead1676cb697b5065515041f6799d437	0903e64e14f6e451103ae0d60e2b3afe07dbbee7aaabff907df214bfd1eb0bc8	4d7744543f06b77b136c50026beb82e0fea2ab21e544582fbb5f959543df659e	al.gga.psp	d76ceac60058e230eac514fc419269433a33b199eb6abfa7d6ab43cde248bd1d	S1-20260805-088	runs/S1-20260805-088/result.json	62d967f35205f79578a7cafb52786fe6a6cd82c61dc929be07589d35862e409b	runs/S1-20260805-088/OUT.s1_al_v100_ksdft_next_kmesh/running_scf.log	7f3846a7184b6b9ec35a074d76d968d62843ff9f7958a38739aca02b17f34369
S1-20260805-089	primary_baseline	al	ksdft_next_kmesh	ksdft	1.03	3	existing_reciprocal_restart	runs/S1-20260805-089/OUT.s1_al_v103_ksdft_next_kmesh/s1_al_v103_ksdft_next_kmesh-CHARGE-DENSITY.restart	9b77973d2302b708652f2a49a9e4316ffa8c4613ac40780810d15341323f4966				5411407c5dce67c7b95e99525beda57535a0c186951c4420cf476c97becda94a	2f36cb943594eb0cc81dcd3e7b6fd906e9e5da6f898fc5cfa9065db72589a683	0903e64e14f6e451103ae0d60e2b3afe07dbbee7aaabff907df214bfd1eb0bc8	c2c7de7ef11473fc2ef4fce170973ab5c3e4bad017d554bf6ce02f519d813483	al.gga.psp	d76ceac60058e230eac514fc419269433a33b199eb6abfa7d6ab43cde248bd1d	S1-20260805-089	runs/S1-20260805-089/result.json	41c0a1b57559c0c57de57883fb5f4ea587c7645865347a2bf5fcdf40312fd05b	runs/S1-20260805-089/OUT.s1_al_v103_ksdft_next_kmesh/running_scf.log	087e7cf338f24dce63451e8962bd1d92be0b983fc01c24df54cb45885ee6a1b4
S1-20260805-090	primary_baseline	al	ksdft_next_kmesh	ksdft	1.06	3	existing_reciprocal_restart	runs/S1-20260805-090/OUT.s1_al_v106_ksdft_next_kmesh/s1_al_v106_ksdft_next_kmesh-CHARGE-DENSITY.restart	2042c36777fd02a8eba8477c08cfd39574efbb1ded071de235220c36e326c5fe				6921bb70a5124fe527cd8fbc18de42b224b5316c9175c25ed10782a0769c6dee	c178b63db14ecf1fb24c1daaa8dd0db5803f5f584865bb537393b8cb108f2d36	0903e64e14f6e451103ae0d60e2b3afe07dbbee7aaabff907df214bfd1eb0bc8	1d0d847307800656b38586e3e6fa03ea995d23b4a556c4376b99ec6b8d24fdc6	al.gga.psp	d76ceac60058e230eac514fc419269433a33b199eb6abfa7d6ab43cde248bd1d	S1-20260805-090	runs/S1-20260805-090/result.json	caafa402e4ba366278aaa38f5e85fe4e05b6d101e1ce19161a189c60277eef94	runs/S1-20260805-090/OUT.s1_al_v106_ksdft_next_kmesh/running_scf.log	6693d69c8f4471f70efbe0f28cf54cecd1d5eaae744d4c89ca28fa6b24b8f93b
S1-20260805-091	primary_baseline	al	ksdft_next_kmesh	ksdft	1.1000000000000005	3	existing_reciprocal_restart	runs/S1-20260805-091/OUT.s1_al_v110_ksdft_next_kmesh/s1_al_v110_ksdft_next_kmesh-CHARGE-DENSITY.restart	921e8468e0fc9189631a06774996c067fe3997a5aca22f8d52775dfc294b7034				dab77898601a69743a28cdd038680b4d0253b2e37ea4d6fcc30d878fc149fcde	c3bbf795bf196b357cd95e7d4ba619229ad687896346ffe1bfd19a3ed463cfb1	0903e64e14f6e451103ae0d60e2b3afe07dbbee7aaabff907df214bfd1eb0bc8	0407de2b153eb56cd5122c35d192269b5a07ac607746375d449286a6a04c2420	al.gga.psp	d76ceac60058e230eac514fc419269433a33b199eb6abfa7d6ab43cde248bd1d	S1-20260805-091	runs/S1-20260805-091/result.json	7e31a15ee581e2569fb083a2c41bfad1f39252cc8b8d516e78795d57064f4b11	runs/S1-20260805-091/OUT.s1_al_v110_ksdft_next_kmesh/running_scf.log	ed73ccbf8b96dbd0536f88bd8bdc2c4dbb26629d8f28201cfc45fab54d3a29ad
S1-20260805-092	primary_baseline	mg	ofdft_next_cutoff	ofdft	0.9	4	high_precision_cube_replay	runs/S1-20260805-142/OUT.g1_ne_142_from_092/chg.cube		S1-20260805-142	inputs/s1/electron_number_audit/S1-20260805-142	g1_ne_142_from_092	41361cb425c756d4fd1f04599c2f0f053bc272938003fd5a0eb1029d713055ea	0e7bfc23e322646ef9a3a3ab3f83d913c6116b293baf0e8982368679601ebbd6	91042b39ee493cb5c1bee648adc865a2e5935a29278eb405dc009f994db55ece	f687a788a4b12ac08fd444498e0aac6bfa04a75d98238801fdb0f19cd332e16e	mg.lda.lps	4b964580cfbd798708299bb0e0baef2f437983d29e6d7040f63b7532038b4259	S1-20260805-092	runs/S1-20260805-092/result.json	cb8b8adab6b384d56346d50d55957da76171440470f88c7e5783d8d01c6f36f5	runs/S1-20260805-092/OUT.s1_mg_v090_ofdft_next_cutoff/running_scf.log	f81a4dd15f7e0f3b15d9070b514dc08006de20ba2bf4477ef95dc45e7bcfbe70
S1-20260805-093	primary_baseline	mg	ofdft_next_cutoff	ofdft	0.9400000000000002	4	high_precision_cube_replay	runs/S1-20260805-143/OUT.g1_ne_143_from_093/chg.cube		S1-20260805-143	inputs/s1/electron_number_audit/S1-20260805-143	g1_ne_143_from_093	1c4dc540d0bf7e62b016d3fd386a085791d31e3fa1cb9e712a9667ed63c83522	ed85bda9b5c17c0907fcadfa4840d546c4e069ae51be657c3b3a4649684ac353	91042b39ee493cb5c1bee648adc865a2e5935a29278eb405dc009f994db55ece	ec7233f823ff0f42c08d07eb4958ae1484dca61ab853a220c5715165cbd0b21d	mg.lda.lps	4b964580cfbd798708299bb0e0baef2f437983d29e6d7040f63b7532038b4259	S1-20260805-093	runs/S1-20260805-093/result.json	9e814121680dfdf4e5db0c7ed8d7e5d8b12538bc48b466305b0655f1ebf48af9	runs/S1-20260805-093/OUT.s1_mg_v094_ofdft_next_cutoff/running_scf.log	d25b4ec3792e6e5a9eb7a1371e35c92234f41a94d1504bafeac3e533b684efc7
S1-20260805-094	primary_baseline	mg	ofdft_next_cutoff	ofdft	0.9700000000000002	4	high_precision_cube_replay	runs/S1-20260805-144/OUT.g1_ne_144_from_094/chg.cube		S1-20260805-144	inputs/s1/electron_number_audit/S1-20260805-144	g1_ne_144_from_094	46eecf6100e82a86b1338f7f4173a0163bd64cf547d2c659b2297e80c30880db	265aadee1b70fc2f5c3cba85d30ac4b5b8f5a7dd88838c44f8cbfc5db97311af	91042b39ee493cb5c1bee648adc865a2e5935a29278eb405dc009f994db55ece	35eb801eb3e92d9f315bedc8d324634f756d8da1eec1f1072f56387351f716f7	mg.lda.lps	4b964580cfbd798708299bb0e0baef2f437983d29e6d7040f63b7532038b4259	S1-20260805-094	runs/S1-20260805-094/result.json	29a64adb20cf0c09a017c1eda45bab7c3168e46055e10cfd9588e4626c695467	runs/S1-20260805-094/OUT.s1_mg_v097_ofdft_next_cutoff/running_scf.log	7856c5c744e3697ebb80374ebcc751309a4b870567a8da315ee7aa006ca8b8b9
S1-20260805-095	primary_baseline	mg	ofdft_next_cutoff	ofdft	1.0	4	high_precision_cube_replay	runs/S1-20260805-145/OUT.g1_ne_145_from_095/chg.cube		S1-20260805-145	inputs/s1/electron_number_audit/S1-20260805-145	g1_ne_145_from_095	cd335fcf6fe6298c9961c64ce6e5a36465bb8135b88168e178ed05e9c6e75337	f65d6ce58a2ccc15d9970a14ecfb40a800f4d7a27b325a4d9aae344999faf19c	91042b39ee493cb5c1bee648adc865a2e5935a29278eb405dc009f994db55ece	eaea95478511c0987562ddf4e64fd3876450ff0887a5192bb44458efe330c1b4	mg.lda.lps	4b964580cfbd798708299bb0e0baef2f437983d29e6d7040f63b7532038b4259	S1-20260805-095	runs/S1-20260805-095/result.json	aa773e7ee023507c032b9418c77d41e069bcf3a017cc1ee9661d1d0464426d8e	runs/S1-20260805-095/OUT.s1_mg_v100_ofdft_next_cutoff/running_scf.log	0d2c6465d1931d81701b7c8d13a500e15df0f1aa2812434b92791175d40786e8
S1-20260805-096	primary_baseline	mg	ofdft_next_cutoff	ofdft	1.03	4	high_precision_cube_replay	runs/S1-20260805-146/OUT.g1_ne_146_from_096/chg.cube		S1-20260805-146	inputs/s1/electron_number_audit/S1-20260805-146	g1_ne_146_from_096	ee74bf552b4d107cf82e51507160066ca0dea5394d47a6fac3b3dd1fe0c9b917	98aa8e2bdcd877e9ec6d0397070f213c24c4b38fba559540fcdd1ebce02ea76d	91042b39ee493cb5c1bee648adc865a2e5935a29278eb405dc009f994db55ece	2051b3b8978c1b9421b406c6a3655e054b94b69b1e1d30eef5b93ebd2605640f	mg.lda.lps	4b964580cfbd798708299bb0e0baef2f437983d29e6d7040f63b7532038b4259	S1-20260805-096	runs/S1-20260805-096/result.json	9ca312f6bd1f240f09ac3684aacd5d59bc6c53cef430174c47ddbf683e5b8cee	runs/S1-20260805-096/OUT.s1_mg_v103_ofdft_next_cutoff/running_scf.log	87c3929fb07366c1672ed602f62deb454abd07f89f49278eb884f285ba2515be
S1-20260805-097	primary_baseline	mg	ofdft_next_cutoff	ofdft	1.06	4	high_precision_cube_replay	runs/S1-20260805-147/OUT.g1_ne_147_from_097/chg.cube		S1-20260805-147	inputs/s1/electron_number_audit/S1-20260805-147	g1_ne_147_from_097	664999e48b961baf0045c473b392fbc70b285947e7e8a3c134c010c1acc4665d	bb0d40d53f0e969384656b0757876d5ea489208aafd6fec7592e2549cd6db331	91042b39ee493cb5c1bee648adc865a2e5935a29278eb405dc009f994db55ece	bd18a7b7a6fc7a28d358023a74f7bc870a6a218f8ba5c1d13ab7ac9ce3eaaae9	mg.lda.lps	4b964580cfbd798708299bb0e0baef2f437983d29e6d7040f63b7532038b4259	S1-20260805-097	runs/S1-20260805-097/result.json	20a055c744b95db749616a13bee066896402fb06081679526da0279ed188db9a	runs/S1-20260805-097/OUT.s1_mg_v106_ofdft_next_cutoff/running_scf.log	21083cc8d2ee9406ababf656949a01cdf5782ab951fcf42ffaf309faf3fa733e
S1-20260805-098	primary_baseline	mg	ofdft_next_cutoff	ofdft	1.1000000000000003	4	high_precision_cube_replay	runs/S1-20260805-148/OUT.g1_ne_148_from_098/chg.cube		S1-20260805-148	inputs/s1/electron_number_audit/S1-20260805-148	g1_ne_148_from_098	605b001fcff5e27b16f0fc162e6666102f059c84b79a77c0c118c558420d7501	2830ba604f066a34709da8abb3fa32449372e05b41c2715e999ffd0eeafb8512	91042b39ee493cb5c1bee648adc865a2e5935a29278eb405dc009f994db55ece	3d2acbcfeab5226cff69603a8e9ec50610b7cf67c00682b2235a411f6090763f	mg.lda.lps	4b964580cfbd798708299bb0e0baef2f437983d29e6d7040f63b7532038b4259	S1-20260805-098	runs/S1-20260805-098/result.json	826b0e4b676ac76bea172b1816bd8a779a9d198f6816c5170d23600b91dd67f1	runs/S1-20260805-098/OUT.s1_mg_v110_ofdft_next_cutoff/running_scf.log	baaef2fd418f6944cedd77d48dbdcd6ef142de1a2f6a3691c8664d664028bdda
S1-20260805-099	primary_baseline	mg	ksdft_next_cutoff	ksdft	0.9	4	existing_reciprocal_restart	runs/S1-20260805-099/OUT.s1_mg_v090_ksdft_next_cutoff/s1_mg_v090_ksdft_next_cutoff-CHARGE-DENSITY.restart	010b27a4bce755957f1d9031fe356de5303d0cfe5a8617782e177a45cb87a2da				aed8ec011824e3205c46ad73518d362e03bf3e95ac31a53296f55274c6616f5c	0e7bfc23e322646ef9a3a3ab3f83d913c6116b293baf0e8982368679601ebbd6	32951288ba89ed36da286ec24d81bed9cfa10f49f146f6359c247bd9e0df4512	0195f6bc3fc92937f29b9cce7e103088f9ea709283823da372dba17994fe1c64	mg.lda.lps	4b964580cfbd798708299bb0e0baef2f437983d29e6d7040f63b7532038b4259	S1-20260805-099	runs/S1-20260805-099/result.json	a24532d4acc54ebe814228ac914f5812ec6820a4d95a248f37b32c6eca8ef1b1	runs/S1-20260805-099/OUT.s1_mg_v090_ksdft_next_cutoff/running_scf.log	520d51ec5625b53b9b4e3500633bfe5ee43ed996a605ec1b43f0144e1d905727
S1-20260805-100	primary_baseline	mg	ksdft_next_cutoff	ksdft	0.9400000000000002	4	existing_reciprocal_restart	runs/S1-20260805-100/OUT.s1_mg_v094_ksdft_next_cutoff/s1_mg_v094_ksdft_next_cutoff-CHARGE-DENSITY.restart	2349ee98b1ac12bbafc0be2a89b922fe1cc5831ec155fd2e05feb17740e60288				1e320436242105507dd7e0a7b19d586564afb6341d1997775f02e554870653bd	ed85bda9b5c17c0907fcadfa4840d546c4e069ae51be657c3b3a4649684ac353	32951288ba89ed36da286ec24d81bed9cfa10f49f146f6359c247bd9e0df4512	a0fdd96d452ea82e280ed4865178576606637e55987386dfffec764eb1620a80	mg.lda.lps	4b964580cfbd798708299bb0e0baef2f437983d29e6d7040f63b7532038b4259	S1-20260805-100	runs/S1-20260805-100/result.json	f9cd8b6a4ceab5823fb17edb2ebcc683f665724e5d61629f0255214a70b20bdf	runs/S1-20260805-100/OUT.s1_mg_v094_ksdft_next_cutoff/running_scf.log	5d8708428f47e57bba4f63968c6ebce0783cd633dded4d864f371d3fb03e0c7c
S1-20260805-101	primary_baseline	mg	ksdft_next_cutoff	ksdft	0.9700000000000002	4	existing_reciprocal_restart	runs/S1-20260805-101/OUT.s1_mg_v097_ksdft_next_cutoff/s1_mg_v097_ksdft_next_cutoff-CHARGE-DENSITY.restart	ba33f49b6e417338fb71d0e2189e3f9916a43a0ee2ed53cd069869fc0fc7011a				9a49a7a0c0b2b19de43a6d394e481c36d13d27ba77d6d8e7daf424bb3959e5a5	265aadee1b70fc2f5c3cba85d30ac4b5b8f5a7dd88838c44f8cbfc5db97311af	32951288ba89ed36da286ec24d81bed9cfa10f49f146f6359c247bd9e0df4512	2edd0472ab5bd5f12420fbb1fdc23e5ddbdad034df21855dde5b300942cef0c3	mg.lda.lps	4b964580cfbd798708299bb0e0baef2f437983d29e6d7040f63b7532038b4259	S1-20260805-101	runs/S1-20260805-101/result.json	ee79df8d928b764c4c46ffc137d929db286f5cce688f36cad609e86969f04eb4	runs/S1-20260805-101/OUT.s1_mg_v097_ksdft_next_cutoff/running_scf.log	ce4174541edef254e197937ffd9e5764b6df4148a6f3006605c8ec516b43fd48
S1-20260805-102	primary_baseline	mg	ksdft_next_cutoff	ksdft	1.0	4	existing_reciprocal_restart	runs/S1-20260805-102/OUT.s1_mg_v100_ksdft_next_cutoff/s1_mg_v100_ksdft_next_cutoff-CHARGE-DENSITY.restart	979c345174c637f4b26a00820858559d172161d086ddbbebdc023dd261f0c39c				350d9128d4d9d1a46dadbf6fd05318a82c7d7d79e9df3b4330ef245306a43004	f65d6ce58a2ccc15d9970a14ecfb40a800f4d7a27b325a4d9aae344999faf19c	32951288ba89ed36da286ec24d81bed9cfa10f49f146f6359c247bd9e0df4512	5da849c8ca973f72de8902c4fae65b4c9c938b6b76bc504fa3b783b824377e12	mg.lda.lps	4b964580cfbd798708299bb0e0baef2f437983d29e6d7040f63b7532038b4259	S1-20260805-102	runs/S1-20260805-102/result.json	d1c495c8b849ed098abe68819e08b6b5358c712b0d3a8e9c2e02892d387b6e91	runs/S1-20260805-102/OUT.s1_mg_v100_ksdft_next_cutoff/running_scf.log	410992f3678a8f41840077abfaef51c3c4377491d2fed97b1cee14249ebd39a4
S1-20260805-103	primary_baseline	mg	ksdft_next_cutoff	ksdft	1.03	4	existing_reciprocal_restart	runs/S1-20260805-103/OUT.s1_mg_v103_ksdft_next_cutoff/s1_mg_v103_ksdft_next_cutoff-CHARGE-DENSITY.restart	fde3126e1786b2731770628dd7f9ec1a97e622c6256b89fa92d90186c1f77329				3f0f5c12bf53affc0af1cd0ad6c9321775e1abb8b51fdc07e40bca83b9001422	98aa8e2bdcd877e9ec6d0397070f213c24c4b38fba559540fcdd1ebce02ea76d	32951288ba89ed36da286ec24d81bed9cfa10f49f146f6359c247bd9e0df4512	3e3ba19469b99b87ae57ca7d3cd04e67d294b1496d996a4ccbb4490dfa45c6e9	mg.lda.lps	4b964580cfbd798708299bb0e0baef2f437983d29e6d7040f63b7532038b4259	S1-20260805-103	runs/S1-20260805-103/result.json	d4b284c822b633abaa9d035a714774e8e1ac509671dd3cf2a040e0e0e50ac830	runs/S1-20260805-103/OUT.s1_mg_v103_ksdft_next_cutoff/running_scf.log	d42d0661e8234699830a8f49bc90eeebbe8fd9eb681925c8be1789d93f433712
S1-20260805-104	primary_baseline	mg	ksdft_next_cutoff	ksdft	1.06	4	existing_reciprocal_restart	runs/S1-20260805-104/OUT.s1_mg_v106_ksdft_next_cutoff/s1_mg_v106_ksdft_next_cutoff-CHARGE-DENSITY.restart	39d4680d0d986427d78dc78809b2d6faa6e073a033622a6ec1274dab894f516f				0bd91a2ca190198da7feb1a93ed009d40d7cd4a30a9d13e90b7b71b8802a01a6	bb0d40d53f0e969384656b0757876d5ea489208aafd6fec7592e2549cd6db331	32951288ba89ed36da286ec24d81bed9cfa10f49f146f6359c247bd9e0df4512	a43bba18ee8566e43b74cd016a3d2275274dc8dcb853ed2829f81b58f3115c61	mg.lda.lps	4b964580cfbd798708299bb0e0baef2f437983d29e6d7040f63b7532038b4259	S1-20260805-104	runs/S1-20260805-104/result.json	ab8a823d610b49bf57069277c9d609e9103d0b4b8d1cc42e0de9fcd9bd1a1b12	runs/S1-20260805-104/OUT.s1_mg_v106_ksdft_next_cutoff/running_scf.log	6046d703a2e6eb7db31894d4615ceaa7c9a12fed81d98ef961e9c7872683d769
S1-20260805-105	primary_baseline	mg	ksdft_next_cutoff	ksdft	1.1000000000000003	4	existing_reciprocal_restart	runs/S1-20260805-105/OUT.s1_mg_v110_ksdft_next_cutoff/s1_mg_v110_ksdft_next_cutoff-CHARGE-DENSITY.restart	0285de4cbdc0458f57d7c87de5372d0d8872dcd7c7cb47806a695acc260ca38e				57696d689281c39e7a5db0e8d7af1365e4b0fb2a723dea1d72fddea4271d7d66	2830ba604f066a34709da8abb3fa32449372e05b41c2715e999ffd0eeafb8512	32951288ba89ed36da286ec24d81bed9cfa10f49f146f6359c247bd9e0df4512	97bc7d5ee7ec42f4558f2a73610ca0aa3d93c2f4af6f7cb6c4f5d8b88ed0608c	mg.lda.lps	4b964580cfbd798708299bb0e0baef2f437983d29e6d7040f63b7532038b4259	S1-20260805-105	runs/S1-20260805-105/result.json	423e9e83a4820ffed094fea30c36a97d2b16be04eb113300a6b2445af42aed96	runs/S1-20260805-105/OUT.s1_mg_v110_ksdft_next_cutoff/running_scf.log	4c4b0b7aaad70489d30166bf8e4f91dd6e21aa22bcc7e5f104b526477c14da6c
S1-20260805-106	primary_baseline	mg	ksdft_next_kmesh	ksdft	0.9	4	existing_reciprocal_restart	runs/S1-20260805-106/OUT.s1_mg_v090_ksdft_next_kmesh/s1_mg_v090_ksdft_next_kmesh-CHARGE-DENSITY.restart	761df98f9c51746855567aa83867aef9189234d0598ca8583e14a4b69f911b56				70fe1fee6bdaeabc326c4786581a9875452b2e61783ae581fa6429413483ec5d	0e7bfc23e322646ef9a3a3ab3f83d913c6116b293baf0e8982368679601ebbd6	d59f4a8d01e74f7ec8fb53fe7de304457198bb3b6da2d7dcebba6c08c3330c4f	aa6f2607801be2ebfe4eaeaad72747e4e8996b5a6b6801a370be252d2a6fed04	mg.lda.lps	4b964580cfbd798708299bb0e0baef2f437983d29e6d7040f63b7532038b4259	S1-20260805-106	runs/S1-20260805-106/result.json	9f32f5150d26c05505a391bda621eb9ea09d750136a7833ed8a13a4bbe81e40a	runs/S1-20260805-106/OUT.s1_mg_v090_ksdft_next_kmesh/running_scf.log	112afca6ba809a142552dbd7c6ce511f9ea80d110721e154ef7e91db9f38cf3b
S1-20260805-107	primary_baseline	mg	ksdft_next_kmesh	ksdft	0.9400000000000002	4	existing_reciprocal_restart	runs/S1-20260805-107/OUT.s1_mg_v094_ksdft_next_kmesh/s1_mg_v094_ksdft_next_kmesh-CHARGE-DENSITY.restart	272b94455f58afe127e969231b9ce52878eb5b175019da04d6bd9280431b3229				a86b3cf74b28d6c155815be6e3d6353cc0fb26ac3ecd41bf419ba023ad0779f2	ed85bda9b5c17c0907fcadfa4840d546c4e069ae51be657c3b3a4649684ac353	d59f4a8d01e74f7ec8fb53fe7de304457198bb3b6da2d7dcebba6c08c3330c4f	8794b6b0c222e311a06f8c88e77edc093466bcd3c7c83b2ffb4dc005629e704a	mg.lda.lps	4b964580cfbd798708299bb0e0baef2f437983d29e6d7040f63b7532038b4259	S1-20260805-107	runs/S1-20260805-107/result.json	4f94d4a47d133ef2a15538f98ce0487129fb809ba0a534dc8f228e161ed7ba41	runs/S1-20260805-107/OUT.s1_mg_v094_ksdft_next_kmesh/running_scf.log	dbcef60d8b75130c19eaa848efec29605fe74514d690bf1bdb62daafd8099c34
S1-20260805-108	primary_baseline	mg	ksdft_next_kmesh	ksdft	0.9700000000000002	4	existing_reciprocal_restart	runs/S1-20260805-108/OUT.s1_mg_v097_ksdft_next_kmesh/s1_mg_v097_ksdft_next_kmesh-CHARGE-DENSITY.restart	5ecc1d375b30d3741aa2bea0a0a320d0594bbf182a940c99098e5f195239305c				85a616a3a31f8aea60686917e523488bd4dcc6084e45b528c61af7ffa0b7ff18	265aadee1b70fc2f5c3cba85d30ac4b5b8f5a7dd88838c44f8cbfc5db97311af	d59f4a8d01e74f7ec8fb53fe7de304457198bb3b6da2d7dcebba6c08c3330c4f	28d34d5fb6e7991496c5193982c91b6c56a37a566ab4ea5b21de2d53f40bcd34	mg.lda.lps	4b964580cfbd798708299bb0e0baef2f437983d29e6d7040f63b7532038b4259	S1-20260805-108	runs/S1-20260805-108/result.json	94b4796cbae448724458113439b1f1816edbd8ebb6439673f1cebff912c1a44c	runs/S1-20260805-108/OUT.s1_mg_v097_ksdft_next_kmesh/running_scf.log	01ce6cedeb92aba0cbdbae68493b1231be7a33e4e86d371409995d0e5554be8c
S1-20260805-109	primary_baseline	mg	ksdft_next_kmesh	ksdft	1.0	4	existing_reciprocal_restart	runs/S1-20260805-109/OUT.s1_mg_v100_ksdft_next_kmesh/s1_mg_v100_ksdft_next_kmesh-CHARGE-DENSITY.restart	24460440c042891c44ecca26ec2d081f150784f60da4a9d5ac9c30471789042a				67c0fcb50d190d1839dfe8bf9d1fc988d5d2b9944e79a3b90fac20d0f99976f9	f65d6ce58a2ccc15d9970a14ecfb40a800f4d7a27b325a4d9aae344999faf19c	d59f4a8d01e74f7ec8fb53fe7de304457198bb3b6da2d7dcebba6c08c3330c4f	c0e159319038c98333a6fb1506a9e96d6abfbfcd3d6c907ac6ac5d7c5d71e926	mg.lda.lps	4b964580cfbd798708299bb0e0baef2f437983d29e6d7040f63b7532038b4259	S1-20260805-109	runs/S1-20260805-109/result.json	eb8e43efe414199a7778ffe6ddbf6f7d47a072e897b6f364602af38e37f74f03	runs/S1-20260805-109/OUT.s1_mg_v100_ksdft_next_kmesh/running_scf.log	8991796201f6fe0a626f2bf6f5972c27a2e08af2ed49b1a123708724e3b80328
S1-20260805-110	primary_baseline	mg	ksdft_next_kmesh	ksdft	1.03	4	existing_reciprocal_restart	runs/S1-20260805-110/OUT.s1_mg_v103_ksdft_next_kmesh/s1_mg_v103_ksdft_next_kmesh-CHARGE-DENSITY.restart	52d1371d1071d1369011d5773ddc9efd3a082ded8c41c6e040c644df34323f71				e7dc016ff662bdf096a32eaf0716f062e7885563d03938c2654aa9dfd5dcc940	98aa8e2bdcd877e9ec6d0397070f213c24c4b38fba559540fcdd1ebce02ea76d	d59f4a8d01e74f7ec8fb53fe7de304457198bb3b6da2d7dcebba6c08c3330c4f	d30b393ab7fb8a8418b70020f158e29a0ec7bc419f16c654da6af5d1296995a6	mg.lda.lps	4b964580cfbd798708299bb0e0baef2f437983d29e6d7040f63b7532038b4259	S1-20260805-110	runs/S1-20260805-110/result.json	32c318c59021d9aa0a1500c3c9e15f9b787c7e0bfd6bf684d34c47510b4f0c67	runs/S1-20260805-110/OUT.s1_mg_v103_ksdft_next_kmesh/running_scf.log	57f1c3db5b039aae55225096460ef21f851f89cd52cf1be73c9fd952ad0faccf
S1-20260805-111	primary_baseline	mg	ksdft_next_kmesh	ksdft	1.06	4	existing_reciprocal_restart	runs/S1-20260805-111/OUT.s1_mg_v106_ksdft_next_kmesh/s1_mg_v106_ksdft_next_kmesh-CHARGE-DENSITY.restart	ba326d62ff653aaf52392613b30bfcbb7c8d0d05a1c27fdfc5f2361017454858				6e4dbdada5d705dd45e4dafb2a420dc7431394735afacb37c2520a81e1af495f	bb0d40d53f0e969384656b0757876d5ea489208aafd6fec7592e2549cd6db331	d59f4a8d01e74f7ec8fb53fe7de304457198bb3b6da2d7dcebba6c08c3330c4f	add5d1e64ead89122f67ff37f6fc08856b8a5aa07253147aafb7c5eab7d88835	mg.lda.lps	4b964580cfbd798708299bb0e0baef2f437983d29e6d7040f63b7532038b4259	S1-20260805-111	runs/S1-20260805-111/result.json	0b487ab637655baa41e4663809304c0c904d0919ef06fa839085280c6301747f	runs/S1-20260805-111/OUT.s1_mg_v106_ksdft_next_kmesh/running_scf.log	5c45c6f3ea1e07bf5cacc21b67bda3293b42b0144b3c207ee4afb69d217e7d52
S1-20260805-112	primary_baseline	mg	ksdft_next_kmesh	ksdft	1.1000000000000003	4	existing_reciprocal_restart	runs/S1-20260805-112/OUT.s1_mg_v110_ksdft_next_kmesh/s1_mg_v110_ksdft_next_kmesh-CHARGE-DENSITY.restart	682e7051d652f37275992b612f3fa133293526cdf87413405b92f86912c61477				a59b1c3de74e596e77f2087af09a457d1ebcc9c65c6ec376bbed727205e554b0	2830ba604f066a34709da8abb3fa32449372e05b41c2715e999ffd0eeafb8512	d59f4a8d01e74f7ec8fb53fe7de304457198bb3b6da2d7dcebba6c08c3330c4f	f36a76e516a87c1ef57201b2b4848447ea6ed5ca0e6eaa1694df2c1b65ead816	mg.lda.lps	4b964580cfbd798708299bb0e0baef2f437983d29e6d7040f63b7532038b4259	S1-20260805-112	runs/S1-20260805-112/result.json	e060864d7a488bb26ac48aa645aff9ad2b93ca56831f9e5a5c9ebccdc23b8ce9	runs/S1-20260805-112/OUT.s1_mg_v110_ksdft_next_kmesh/running_scf.log	df4791d2bef87ac930e8fb18b5cbf328968c5d66cd343bb6a53aa9483f600907
S1-20260805-113	supplemental_runtime_replay	al	ofdft_next_cutoff	ofdft	1.0	3	high_precision_cube_replay	runs/S1-20260805-119/OUT.g1_ne_119_from_113/chg.cube		S1-20260805-119	inputs/s1/electron_number_audit/S1-20260805-119	g1_ne_119_from_113	9b551bab701cd022135ce865e654b83ef10c6378df76651eec268d05ffed092e	31279eb4f9a5a6ad20376271c79c03a8ead1676cb697b5065515041f6799d437	91042b39ee493cb5c1bee648adc865a2e5935a29278eb405dc009f994db55ece	0ab9cc4931054332799b6f687562f2aff7e7ddf5207b7a1e19357f5178655938	al.gga.psp	d76ceac60058e230eac514fc419269433a33b199eb6abfa7d6ab43cde248bd1d	S1-20260805-113	runs/S1-20260805-113/result.json	93a28628e95d5d10ede91a911e99fc7814bc9013c8ca3dd2e0a118aba17c86fe	runs/S1-20260805-113/OUT.s1_al_v100_ofdft_next_cutoff/running_scf.log	a6ca458e32bc12d3ab85efa4343cf22d80972064d777e0a6d11d96252ee221f6
S1-20260805-114	supplemental_runtime_replay	al	ksdft_next_cutoff	ksdft	1.0	3	existing_reciprocal_restart	runs/S1-20260805-114/OUT.s1_al_v100_ksdft_next_cutoff/s1_al_v100_ksdft_next_cutoff-CHARGE-DENSITY.restart	645ce26f2cca7f16dcfc9aa08858f03153f4d6161377bf021164c20647a80545				f5b66e219f1c4713d7121f44bf410fc31ae8895dc1f2abf4c19b12265c0aba57	31279eb4f9a5a6ad20376271c79c03a8ead1676cb697b5065515041f6799d437	e3d368f68869b907df36adf00a5dcbb3f54c9eb3622951d0f355667b61fce2bc	7e5869877df53103462eeb5003510421b06854b53cc4fb66835ba4a8fa18bfae	al.gga.psp	d76ceac60058e230eac514fc419269433a33b199eb6abfa7d6ab43cde248bd1d	S1-20260805-114	runs/S1-20260805-114/result.json	13e8b8f993bd21803f1017c9e5c4eb871ff67a0adcbbe62565ce090b8e31c629	runs/S1-20260805-114/OUT.s1_al_v100_ksdft_next_cutoff/running_scf.log	bfeb4662e91937d3dc9872a532574580c99360ff15837ea6913aabfa33746a09
S1-20260805-115	supplemental_runtime_replay	al	ksdft_next_kmesh	ksdft	1.0	3	existing_reciprocal_restart	runs/S1-20260805-115/OUT.s1_al_v100_ksdft_next_kmesh/s1_al_v100_ksdft_next_kmesh-CHARGE-DENSITY.restart	d0961169d5eea44f3b5bc54844de1ea8edb26961d3751b66aba92ed6df9d9993				3867a0c98b25ced4c7c3c0cc806e4c2bc287f13dcf4e7b077320d43f8f02aa69	31279eb4f9a5a6ad20376271c79c03a8ead1676cb697b5065515041f6799d437	0903e64e14f6e451103ae0d60e2b3afe07dbbee7aaabff907df214bfd1eb0bc8	4d7744543f06b77b136c50026beb82e0fea2ab21e544582fbb5f959543df659e	al.gga.psp	d76ceac60058e230eac514fc419269433a33b199eb6abfa7d6ab43cde248bd1d	S1-20260805-115	runs/S1-20260805-115/result.json	62d967f35205f79578a7cafb52786fe6a6cd82c61dc929be07589d35862e409b	runs/S1-20260805-115/OUT.s1_al_v100_ksdft_next_kmesh/running_scf.log	649a8cf97c99163b042abb8011709f7c58ff4bc5bf81fddd449a8fc07eccfbbd
S1-20260805-116	supplemental_runtime_replay	mg	ofdft_next_cutoff	ofdft	1.0	4	high_precision_cube_replay	runs/S1-20260805-120/OUT.g1_ne_120_from_116/chg.cube		S1-20260805-120	inputs/s1/electron_number_audit/S1-20260805-120	g1_ne_120_from_116	2ad9613e5c3d2c60962da02cee2e3e6d297c1b9913f934a8dd514cec54f5c5e4	f65d6ce58a2ccc15d9970a14ecfb40a800f4d7a27b325a4d9aae344999faf19c	91042b39ee493cb5c1bee648adc865a2e5935a29278eb405dc009f994db55ece	33faccb1071f30e86af770b0477e7fa7772a832842f64d87f094ef412b1445de	mg.lda.lps	4b964580cfbd798708299bb0e0baef2f437983d29e6d7040f63b7532038b4259	S1-20260805-116	runs/S1-20260805-116/result.json	aa773e7ee023507c032b9418c77d41e069bcf3a017cc1ee9661d1d0464426d8e	runs/S1-20260805-116/OUT.s1_mg_v100_ofdft_next_cutoff/running_scf.log	fada38273f163310c6ac3fe6941c366b687d39e7f1d55607cf97cfebb2de5aab
S1-20260805-117	supplemental_runtime_replay	mg	ksdft_next_cutoff	ksdft	1.0	4	existing_reciprocal_restart	runs/S1-20260805-117/OUT.s1_mg_v100_ksdft_next_cutoff/s1_mg_v100_ksdft_next_cutoff-CHARGE-DENSITY.restart	979c345174c637f4b26a00820858559d172161d086ddbbebdc023dd261f0c39c				350d9128d4d9d1a46dadbf6fd05318a82c7d7d79e9df3b4330ef245306a43004	f65d6ce58a2ccc15d9970a14ecfb40a800f4d7a27b325a4d9aae344999faf19c	32951288ba89ed36da286ec24d81bed9cfa10f49f146f6359c247bd9e0df4512	5da849c8ca973f72de8902c4fae65b4c9c938b6b76bc504fa3b783b824377e12	mg.lda.lps	4b964580cfbd798708299bb0e0baef2f437983d29e6d7040f63b7532038b4259	S1-20260805-117	runs/S1-20260805-117/result.json	d1c495c8b849ed098abe68819e08b6b5358c712b0d3a8e9c2e02892d387b6e91	runs/S1-20260805-117/OUT.s1_mg_v100_ksdft_next_cutoff/running_scf.log	64c897b576266304a9823468665e9c2a0d6949a6e40a31325bd00fe25bb0c5fe
S1-20260805-118	supplemental_runtime_replay	mg	ksdft_next_kmesh	ksdft	1.0	4	existing_reciprocal_restart	runs/S1-20260805-118/OUT.s1_mg_v100_ksdft_next_kmesh/s1_mg_v100_ksdft_next_kmesh-CHARGE-DENSITY.restart	24460440c042891c44ecca26ec2d081f150784f60da4a9d5ac9c30471789042a				67c0fcb50d190d1839dfe8bf9d1fc988d5d2b9944e79a3b90fac20d0f99976f9	f65d6ce58a2ccc15d9970a14ecfb40a800f4d7a27b325a4d9aae344999faf19c	d59f4a8d01e74f7ec8fb53fe7de304457198bb3b6da2d7dcebba6c08c3330c4f	c0e159319038c98333a6fb1506a9e96d6abfbfcd3d6c907ac6ac5d7c5d71e926	mg.lda.lps	4b964580cfbd798708299bb0e0baef2f437983d29e6d7040f63b7532038b4259	S1-20260805-118	runs/S1-20260805-118/result.json	eb8e43efe414199a7778ffe6ddbf6f7d47a072e897b6f364602af38e37f74f03	runs/S1-20260805-118/OUT.s1_mg_v100_ksdft_next_kmesh/running_scf.log	0abec124ccc47ad18d3790e0425b07731256758d8753fddbd24f1e18d0089455
