dimension	local_index	grid	displacement_angstrom	maximum_angle_degrees	principal_angles_degrees	bottom_eigenvalues
2	0	128	-0.05	22.338192426210828	[22.338192426210828,10.599372049055598]	[2.3915817813759094e-06,2.7865577781430305e-06,2.7919465141568682e-06,9.23307071779792e-06]
2	1	128	-0.025	83.5172827430437	[83.5172827430437,47.61629731172648]	[-0.00014956526830983143,-1.0689248027745419e-05,2.600431664178641e-06,2.7919465137713285e-06]
2	2	128	0.0	88.49350652016311	[88.49350652016311,34.46614244378682]	[1.6144345855837424e-09,2.7919465132003114e-06,2.7919465135485207e-06,2.7919465136711148e-06]
2	3	128	0.025	83.7573020556629	[83.7573020556629,47.10242977329731]	[-0.00015254756010165288,-1.768954197021747e-05,2.5490522560242094e-06,2.791946513777139e-06]
2	4	128	0.05	24.078595907810612	[24.078595907810612,10.187329338931333]	[2.4013553633408032e-06,2.7782196995176035e-06,2.7919465139128842e-06,9.816569864820853e-06]
2	5	144	-0.05	19.621667731445058	[19.621667731445058,11.012432992946334]	[2.370838336907534e-06,2.748332371215238e-06,2.7906181449689724e-06,6.650375625422977e-06]
2	6	144	-0.025	82.08890465815176	[82.08890465815176,21.176319020009437]	[-5.1963331709900254e-05,-1.6370524244030668e-07,2.675237770152331e-06,2.7906181446522194e-06]
2	7	144	0.0	87.93332550274295	[87.93332550274295,30.37927653725591]	[3.96880628177918e-10,2.7906181446475463e-06,2.7906181448591842e-06,2.7906181449504804e-06]
2	8	144	0.025	82.23702621630187	[82.23702621630187,32.052077747625056]	[-5.049537106195285e-05,-3.5202925664323526e-06,2.5833613348729185e-06,2.790618144996903e-06]
2	9	144	0.05	25.328796275035	[25.328796275035,7.2959183015445985]	[2.3950237627406168e-06,2.6249663218707075e-06,2.790618144570574e-06,6.878228837417185e-06]
3	0	128	-0.05	18.785206474453343	[18.785206474453343,9.21973358008356]	[2.3915817813759094e-06,2.7865577781430305e-06,2.7919465141568682e-06,9.23307071779792e-06]
3	1	128	-0.025	64.34896583764426	[64.34896583764426,33.48761147410229]	[-0.00014956526830983143,-1.0689248027745419e-05,2.600431664178641e-06,2.7919465137713285e-06]
3	2	128	0.0	70.20125213434869	[70.20125213434869,29.750336869778902]	[1.6144345855837424e-09,2.7919465132003114e-06,2.7919465135485207e-06,2.7919465136711148e-06]
3	3	128	0.025	61.114856908492804	[61.114856908492804,18.36697325896644]	[-0.00015254756010165288,-1.768954197021747e-05,2.5490522560242094e-06,2.791946513777139e-06]
3	4	128	0.05	20.034163915155407	[20.034163915155407,8.724649955689367]	[2.4013553633408032e-06,2.7782196995176035e-06,2.7919465139128842e-06,9.816569864820853e-06]
3	5	144	-0.05	16.625000715914986	[16.625000715914986,9.450652433680839]	[2.370838336907534e-06,2.748332371215238e-06,2.7906181449689724e-06,6.650375625422977e-06]
3	6	144	-0.025	57.56080961069474	[57.56080961069474,14.943883149728858]	[-5.1963331709900254e-05,-1.6370524244030668e-07,2.675237770152331e-06,2.7906181446522194e-06]
3	7	144	0.0	62.82313581845455	[62.82313581845455,27.814087165816257]	[3.96880628177918e-10,2.7906181446475463e-06,2.7906181448591842e-06,2.7906181449504804e-06]
3	8	144	0.025	57.48036857062763	[57.48036857062763,13.40301609719478]	[-5.049537106195285e-05,-3.5202925664323526e-06,2.5833613348729185e-06,2.790618144996903e-06]
3	9	144	0.05	21.062382671313454	[21.062382671313454,4.258872644583656]	[2.3950237627406168e-06,2.6249663218707075e-06,2.790618144570574e-06,6.878228837417185e-06]
4	0	128	-0.05	17.157181914342782	[17.157181914342782,2.292309231383092]	[2.3915817813759094e-06,2.7865577781430305e-06,2.7919465141568682e-06,9.23307071779792e-06]
4	1	128	-0.025	44.50995111599663	[44.50995111599663,17.065983576242573]	[-0.00014956526830983143,-1.0689248027745419e-05,2.600431664178641e-06,2.7919465137713285e-06]
4	2	128	0.0	64.78720422036331	[64.78720422036331,17.522382656429087]	[1.6144345855837424e-09,2.7919465132003114e-06,2.7919465135485207e-06,2.7919465136711148e-06]
4	3	128	0.025	49.9313497528818	[49.9313497528818,18.054758893051936]	[-0.00015254756010165288,-1.768954197021747e-05,2.5490522560242094e-06,2.791946513777139e-06]
4	4	128	0.05	18.187978215204513	[18.187978215204513,2.270288289926356]	[2.4013553633408032e-06,2.7782196995176035e-06,2.7919465139128842e-06,9.816569864820853e-06]
4	5	144	-0.05	15.016473098363798	[15.016473098363798,2.3748325341406242]	[2.370838336907534e-06,2.748332371215238e-06,2.7906181449689724e-06,6.650375625422977e-06]
4	6	144	-0.025	19.9886609460057	[19.9886609460057,8.292647882501461]	[-5.1963331709900254e-05,-1.6370524244030668e-07,2.675237770152331e-06,2.7906181446522194e-06]
4	7	144	0.0	53.91551466728401	[53.91551466728401,17.490851597248547]	[3.96880628177918e-10,2.7906181446475463e-06,2.7906181448591842e-06,2.7906181449504804e-06]
4	8	144	0.025	45.12685022919191	[45.12685022919191,11.546678829267762]	[-5.049537106195285e-05,-3.5202925664323526e-06,2.5833613348729185e-06,2.790618144996903e-06]
4	9	144	0.05	16.803874672285843	[16.803874672285843,1.3866545914322825]	[2.3950237627406168e-06,2.6249663218707075e-06,2.790618144570574e-06,6.878228837417185e-06]
5	0	128	-0.05	6.482738844434981	[6.482738844434981,0.9263891533513633]	[2.3915817813759094e-06,2.7865577781430305e-06,2.7919465141568682e-06,9.23307071779792e-06]
5	1	128	-0.025	21.524710566011105	[21.524710566011105,13.70335681934866]	[-0.00014956526830983143,-1.0689248027745419e-05,2.600431664178641e-06,2.7919465137713285e-06]
5	2	128	0.0	62.19723772769049	[62.19723772769049,13.165188318456044]	[1.6144345855837424e-09,2.7919465132003114e-06,2.7919465135485207e-06,2.7919465136711148e-06]
5	3	128	0.025	19.53394958590713	[19.53394958590713,11.189292765977443]	[-0.00015254756010165288,-1.768954197021747e-05,2.5490522560242094e-06,2.791946513777139e-06]
5	4	128	0.05	6.479296743717122	[6.479296743717122,0.911779858571042]	[2.4013553633408032e-06,2.7782196995176035e-06,2.7919465139128842e-06,9.816569864820853e-06]
5	5	144	-0.05	6.59254314208349	[6.59254314208349,0.9262033692251932]	[2.370838336907534e-06,2.748332371215238e-06,2.7906181449689724e-06,6.650375625422977e-06]
5	6	144	-0.025	9.624412084300081	[9.624412084300081,5.135436458026035]	[-5.1963331709900254e-05,-1.6370524244030668e-07,2.675237770152331e-06,2.7906181446522194e-06]
5	7	144	0.0	48.88592098159993	[48.88592098159993,13.351669825626338]	[3.96880628177918e-10,2.7906181446475463e-06,2.7906181448591842e-06,2.7906181449504804e-06]
5	8	144	0.025	11.607138502037865	[11.607138502037865,5.754645260322181]	[-5.049537106195285e-05,-3.5202925664323526e-06,2.5833613348729185e-06,2.790618144996903e-06]
5	9	144	0.05	6.874775087448218	[6.874775087448218,1.0633332636409385]	[2.3950237627406168e-06,2.6249663218707075e-06,2.790618144570574e-06,6.878228837417185e-06]
6	0	128	-0.05	6.478003145714705	[6.478003145714705,0.4232172828612551]	[2.3915817813759094e-06,2.7865577781430305e-06,2.7919465141568682e-06,9.23307071779792e-06]
6	1	128	-0.025	21.46430716812062	[21.46430716812062,13.644105281962737]	[-0.00014956526830983143,-1.0689248027745419e-05,2.600431664178641e-06,2.7919465137713285e-06]
6	2	128	0.0	13.926823980176462	[13.926823980176462,1.892446148534506]	[1.6144345855837424e-09,2.7919465132003114e-06,2.7919465135485207e-06,2.7919465136711148e-06]
6	3	128	0.025	19.490801245186255	[19.490801245186255,11.188944995261577]	[-0.00015254756010165288,-1.768954197021747e-05,2.5490522560242094e-06,2.791946513777139e-06]
6	4	128	0.05	6.472606228204464	[6.472606228204464,0.37019788489263716]	[2.4013553633408032e-06,2.7782196995176035e-06,2.7919465139128842e-06,9.816569864820853e-06]
6	5	144	-0.05	6.590548231996278	[6.590548231996278,0.4422909081396993]	[2.370838336907534e-06,2.748332371215238e-06,2.7906181449689724e-06,6.650375625422977e-06]
6	6	144	-0.025	9.588661262379098	[9.588661262379098,5.034233303017441]	[-5.1963331709900254e-05,-1.6370524244030668e-07,2.675237770152331e-06,2.7906181446522194e-06]
6	7	144	0.0	14.036276688615725	[14.036276688615725,2.0852090232773945]	[3.96880628177918e-10,2.7906181446475463e-06,2.7906181448591842e-06,2.7906181449504804e-06]
6	8	144	0.025	11.551200912923322	[11.551200912923322,5.751600043385304]	[-5.049537106195285e-05,-3.5202925664323526e-06,2.5833613348729185e-06,2.790618144996903e-06]
6	9	144	0.05	6.869471986766277	[6.869471986766277,0.8404522484325512]	[2.3950237627406168e-06,2.6249663218707075e-06,2.790618144570574e-06,6.878228837417185e-06]
7	0	128	-0.05	5.864928312665266	[5.864928312665266,0.348985537496895]	[2.3915817813759094e-06,2.7865577781430305e-06,2.7919465141568682e-06,9.23307071779792e-06]
7	1	128	-0.025	17.129823067324175	[17.129823067324175,2.6672398291677446]	[-0.00014956526830983143,-1.0689248027745419e-05,2.600431664178641e-06,2.7919465137713285e-06]
7	2	128	0.0	12.20011083109863	[12.20011083109863,1.874530053480788]	[1.6144345855837424e-09,2.7919465132003114e-06,2.7919465135485207e-06,2.7919465136711148e-06]
7	3	128	0.025	11.653092114241444	[11.653092114241444,3.5458871896844903]	[-0.00015254756010165288,-1.768954197021747e-05,2.5490522560242094e-06,2.791946513777139e-06]
7	4	128	0.05	5.683078382368064	[5.683078382368064,0.2396217075698584]	[2.4013553633408032e-06,2.7782196995176035e-06,2.7919465139128842e-06,9.816569864820853e-06]
7	5	144	-0.05	6.183173701868461	[6.183173701868461,0.3999560641722128]	[2.370838336907534e-06,2.748332371215238e-06,2.7906181449689724e-06,6.650375625422977e-06]
7	6	144	-0.025	6.509506332909534	[6.509506332909534,3.302495279999557]	[-5.1963331709900254e-05,-1.6370524244030668e-07,2.675237770152331e-06,2.7906181446522194e-06]
7	7	144	0.0	12.302972611610475	[12.302972611610475,2.064435620882262]	[3.96880628177918e-10,2.7906181446475463e-06,2.7906181448591842e-06,2.7906181449504804e-06]
7	8	144	0.025	5.753467341958179	[5.753467341958179,2.833342027779906]	[-5.049537106195285e-05,-3.5202925664323526e-06,2.5833613348729185e-06,2.790618144996903e-06]
7	9	144	0.05	5.751499282924424	[5.751499282924424,0.599892891392837]	[2.3950237627406168e-06,2.6249663218707075e-06,2.790618144570574e-06,6.878228837417185e-06]
8	0	128	-0.05	0.7481937243041196	[0.7481937243041196,0.28070488896648277]	[2.3915817813759094e-06,2.7865577781430305e-06,2.7919465141568682e-06,9.23307071779792e-06]
8	1	128	-0.025	2.8426954748365096	[2.8426954748365096,2.177729835888282]	[-0.00014956526830983143,-1.0689248027745419e-05,2.600431664178641e-06,2.7919465137713285e-06]
8	2	128	0.0	1.8792038330334448	[1.8792038330334448,0.3172507545259028]	[1.6144345855837424e-09,2.7919465132003114e-06,2.7919465135485207e-06,2.7919465136711148e-06]
8	3	128	0.025	4.006958003332495	[4.006958003332495,2.3429129086528073]	[-0.00015254756010165288,-1.768954197021747e-05,2.5490522560242094e-06,2.791946513777139e-06]
8	4	128	0.05	0.8532919935259968	[0.8532919935259968,0.18132314018235374]	[2.4013553633408032e-06,2.7782196995176035e-06,2.7919465139128842e-06,9.816569864820853e-06]
8	5	144	-0.05	0.6571378937597941	[0.6571378937597941,0.3733339690916016]	[2.370838336907534e-06,2.748332371215238e-06,2.7906181449689724e-06,6.650375625422977e-06]
8	6	144	-0.025	3.3449845673959318	[3.3449845673959318,1.947978588600024]	[-5.1963331709900254e-05,-1.6370524244030668e-07,2.675237770152331e-06,2.7906181446522194e-06]
8	7	144	0.0	2.0645359446287417	[2.0645359446287417,0.3217233997260126]	[3.96880628177918e-10,2.7906181446475463e-06,2.7906181448591842e-06,2.7906181449504804e-06]
8	8	144	0.025	3.928147565383261	[3.928147565383261,2.010747180857317]	[-5.049537106195285e-05,-3.5202925664323526e-06,2.5833613348729185e-06,2.790618144996903e-06]
8	9	144	0.05	0.8613343199778336	[0.8613343199778336,0.5051218498805006]	[2.3950237627406168e-06,2.6249663218707075e-06,2.790618144570574e-06,6.878228837417185e-06]
9	0	128	-0.05	0.6929438181024188	[0.6929438181024188,0.21083951620298502]	[2.3915817813759094e-06,2.7865577781430305e-06,2.7919465141568682e-06,9.23307071779792e-06]
9	1	128	-0.025	2.448010095034154	[2.448010095034154,1.1860794648676043]	[-0.00014956526830983143,-1.0689248027745419e-05,2.600431664178641e-06,2.7919465137713285e-06]
9	2	128	0.0	1.6782133369151475	[1.6782133369151475,0.31569151170350135]	[1.6144345855837424e-09,2.7919465132003114e-06,2.7919465135485207e-06,2.7919465136711148e-06]
9	3	128	0.025	2.347608781727603	[2.347608781727603,0.7583630575785141]	[-0.00015254756010165288,-1.768954197021747e-05,2.5490522560242094e-06,2.791946513777139e-06]
9	4	128	0.05	0.8109999402342606	[0.8109999402342606,0.11729659548830781]	[2.4013553633408032e-06,2.7782196995176035e-06,2.7919465139128842e-06,9.816569864820853e-06]
9	5	144	-0.05	0.5552136600251576	[0.5552136600251576,0.32244347502968934]	[2.370838336907534e-06,2.748332371215238e-06,2.7906181449689724e-06,6.650375625422977e-06]
9	6	144	-0.025	2.389464017241551	[2.389464017241551,1.0332168349822943]	[-5.1963331709900254e-05,-1.6370524244030668e-07,2.675237770152331e-06,2.7906181446522194e-06]
9	7	144	0.0	1.842811058684583	[1.842811058684583,0.3203409085625745]	[3.96880628177918e-10,2.7906181446475463e-06,2.7906181448591842e-06,2.7906181449504804e-06]
9	8	144	0.025	2.145749679011996	[2.145749679011996,1.0601237812214521]	[-5.049537106195285e-05,-3.5202925664323526e-06,2.5833613348729185e-06,2.790618144996903e-06]
9	9	144	0.05	0.805692876668643	[0.805692876668643,0.2618535809627488]	[2.3950237627406168e-06,2.6249663218707075e-06,2.790618144570574e-06,6.878228837417185e-06]
10	0	128	-0.05	0.2749862440299492	[0.2749862440299492,0.17743514093499288]	[2.3915817813759094e-06,2.7865577781430305e-06,2.7919465141568682e-06,9.23307071779792e-06]
10	1	128	-0.025	1.3197959356879732	[1.3197959356879732,0.21238263121883885]	[-0.00014956526830983143,-1.0689248027745419e-05,2.600431664178641e-06,2.7919465137713285e-06]
10	2	128	0.0	0.37913573266011463	[0.37913573266011463,0.116540722366534]	[1.6144345855837424e-09,2.7919465132003114e-06,2.7919465135485207e-06,2.7919465136711148e-06]
10	3	128	0.025	1.1289140291806385	[1.1289140291806385,0.20610626554140382]	[-0.00015254756010165288,-1.768954197021747e-05,2.5490522560242094e-06,2.791946513777139e-06]
10	4	128	0.05	0.30230458567375135	[0.30230458567375135,0.1047131188554414]	[2.4013553633408032e-06,2.7782196995176035e-06,2.7919465139128842e-06,9.816569864820853e-06]
10	5	144	-0.05	0.4651388676118926	[0.4651388676118926,0.19735693390309053]	[2.370838336907534e-06,2.748332371215238e-06,2.7906181449689724e-06,6.650375625422977e-06]
10	6	144	-0.025	1.5044851339271648	[1.5044851339271648,0.5063231885146032]	[-5.1963331709900254e-05,-1.6370524244030668e-07,2.675237770152331e-06,2.7906181446522194e-06]
10	7	144	0.0	0.411288463242618	[0.411288463242618,0.11971492290783747]	[3.96880628177918e-10,2.7906181446475463e-06,2.7906181448591842e-06,2.7906181449504804e-06]
10	8	144	0.025	1.2350217852748933	[1.2350217852748933,0.40665779293700616]	[-5.049537106195285e-05,-3.5202925664323526e-06,2.5833613348729185e-06,2.790618144996903e-06]
10	9	144	0.05	0.3011543718346917	[0.3011543718346917,0.20995676787913747]	[2.3950237627406168e-06,2.6249663218707075e-06,2.790618144570574e-06,6.878228837417185e-06]
11	0	128	-0.05	0.1999223503573216	[0.1999223503573216,0.08374489865458483]	[2.3915817813759094e-06,2.7865577781430305e-06,2.7919465141568682e-06,9.23307071779792e-06]
11	1	128	-0.025	0.21979605882771927	[0.21979605882771927,0.015298019493874365]	[-0.00014956526830983143,-1.0689248027745419e-05,2.600431664178641e-06,2.7919465137713285e-06]
11	2	128	0.0	0.13996654516252688	[0.13996654516252688,0.006524907268828745]	[1.6144345855837424e-09,2.7919465132003114e-06,2.7919465135485207e-06,2.7919465136711148e-06]
11	3	128	0.025	0.22319870759392682	[0.22319870759392682,0.020839888120269514]	[-0.00015254756010165288,-1.768954197021747e-05,2.5490522560242094e-06,2.791946513777139e-06]
11	4	128	0.05	0.2899746250059764	[0.2899746250059764,0.08916521399925874]	[2.4013553633408032e-06,2.7782196995176035e-06,2.7919465139128842e-06,9.816569864820853e-06]
11	5	144	-0.05	0.2791070619449654	[0.2791070619449654,0.13534029493838584]	[2.370838336907534e-06,2.748332371215238e-06,2.7906181449689724e-06,6.650375625422977e-06]
11	6	144	-0.025	0.5065624327344135	[0.5065624327344135,0.036210962729760154]	[-5.1963331709900254e-05,-1.6370524244030668e-07,2.675237770152331e-06,2.7906181446522194e-06]
11	7	144	0.0	0.15363677833914957	[0.15363677833914957,0.006621022006612998]	[3.96880628177918e-10,2.7906181446475463e-06,2.7906181448591842e-06,2.7906181449504804e-06]
11	8	144	0.025	0.4067188417614035	[0.4067188417614035,0.034786349084758104]	[-5.049537106195285e-05,-3.5202925664323526e-06,2.5833613348729185e-06,2.790618144996903e-06]
11	9	144	0.05	0.2754099958759292	[0.2754099958759292,0.17749196451385593]	[2.3950237627406168e-06,2.6249663218707075e-06,2.790618144570574e-06,6.878228837417185e-06]
12	0	128	-0.05	0.19021363405909472	[0.19021363405909472,0.06204353920567063]	[2.3915817813759094e-06,2.7865577781430305e-06,2.7919465141568682e-06,9.23307071779792e-06]
12	1	128	-0.025	0.0802922071563407	[0.0802922071563407,0.01527422208581525]	[-0.00014956526830983143,-1.0689248027745419e-05,2.600431664178641e-06,2.7919465137713285e-06]
12	2	128	0.0	0.1386378991043726	[0.1386378991043726,0.006197806002292755]	[1.6144345855837424e-09,2.7919465132003114e-06,2.7919465135485207e-06,2.7919465136711148e-06]
12	3	128	0.025	0.05148542755762904	[0.05148542755762904,0.02066908375989857]	[-0.00015254756010165288,-1.768954197021747e-05,2.5490522560242094e-06,2.791946513777139e-06]
12	4	128	0.05	0.22240879481064768	[0.22240879481064768,0.06080725384353987]	[2.4013553633408032e-06,2.7782196995176035e-06,2.7919465139128842e-06,9.816569864820853e-06]
12	5	144	-0.05	0.24355453367110133	[0.24355453367110133,0.1322019401866803]	[2.370838336907534e-06,2.748332371215238e-06,2.7906181449689724e-06,6.650375625422977e-06]
12	6	144	-0.025	0.19407527601490668	[0.19407527601490668,0.03568689797237422]	[-5.1963331709900254e-05,-1.6370524244030668e-07,2.675237770152331e-06,2.7906181446522194e-06]
12	7	144	0.0	0.15216036312726428	[0.15216036312726428,0.00626265975326287]	[3.96880628177918e-10,2.7906181446475463e-06,2.7906181448591842e-06,2.7906181449504804e-06]
12	8	144	0.025	0.1110234319084337	[0.1110234319084337,0.0333162691018092]	[-5.049537106195285e-05,-3.5202925664323526e-06,2.5833613348729185e-06,2.790618144996903e-06]
12	9	144	0.05	0.24928429781798284	[0.24928429781798284,0.17074237296195016]	[2.3950237627406168e-06,2.6249663218707075e-06,2.790618144570574e-06,6.878228837417185e-06]
13	0	128	-0.05	0.07436329892361555	[0.07436329892361555,0.06202401556978607]	[2.3915817813759094e-06,2.7865577781430305e-06,2.7919465141568682e-06,9.23307071779792e-06]
13	1	128	-0.025	0.018880161377204756	[0.018880161377204756,0.008604269734141046]	[-0.00014956526830983143,-1.0689248027745419e-05,2.600431664178641e-06,2.7919465137713285e-06]
13	2	128	0.0	0.10777086791580665	[0.10777086791580665,0.0022944894726677654]	[1.6144345855837424e-09,2.7919465132003114e-06,2.7919465135485207e-06,2.7919465136711148e-06]
13	3	128	0.025	0.04839528487250964	[0.04839528487250964,0.0064394792177251]	[-0.00015254756010165288,-1.768954197021747e-05,2.5490522560242094e-06,2.791946513777139e-06]
13	4	128	0.05	0.06631859874809398	[0.06631859874809398,0.031001517064405733]	[2.4013553633408032e-06,2.7782196995176035e-06,2.7919465139128842e-06,9.816569864820853e-06]
13	5	144	-0.05	0.14557884756654857	[0.14557884756654857,0.04471323304158765]	[2.370838336907534e-06,2.748332371215238e-06,2.7906181449689724e-06,6.650375625422977e-06]
13	6	144	-0.025	0.05529847914675164	[0.05529847914675164,0.035491244321082055]	[-5.1963331709900254e-05,-1.6370524244030668e-07,2.675237770152331e-06,2.7906181446522194e-06]
13	7	144	0.0	0.11856393453087115	[0.11856393453087115,0.0022862100669863244]	[3.96880628177918e-10,2.7906181446475463e-06,2.7906181448591842e-06,2.7906181449504804e-06]
13	8	144	0.025	0.11039877546197896	[0.11039877546197896,0.010724005071142302]	[-5.049537106195285e-05,-3.5202925664323526e-06,2.5833613348729185e-06,2.790618144996903e-06]
13	9	144	0.05	0.1915601609974052	[0.1915601609974052,0.024939250658859078]	[2.3950237627406168e-06,2.6249663218707075e-06,2.790618144570574e-06,6.878228837417185e-06]
14	0	128	-0.05	0.06633888158027493	[0.06633888158027493,0.03414682543231415]	[2.3915817813759094e-06,2.7865577781430305e-06,2.7919465141568682e-06,9.23307071779792e-06]
14	1	128	-0.025	0.01656787379099167	[0.01656787379099167,0.0029403534267439736]	[-0.00014956526830983143,-1.0689248027745419e-05,2.600431664178641e-06,2.7919465137713285e-06]
14	2	128	0.0	0.07352159433021997	[0.07352159433021997,0.0010418833868094458]	[1.6144345855837424e-09,2.7919465132003114e-06,2.7919465135485207e-06,2.7919465136711148e-06]
14	3	128	0.025	0.032085030225665785	[0.032085030225665785,0.0019933877766680204]	[-0.00015254756010165288,-1.768954197021747e-05,2.5490522560242094e-06,2.791946513777139e-06]
14	4	128	0.05	0.056129540950314	[0.056129540950314,0.022024014254100346]	[2.4013553633408032e-06,2.7782196995176035e-06,2.7919465139128842e-06,9.816569864820853e-06]
14	5	144	-0.05	0.09231127775235765	[0.09231127775235765,0.015231480731420721]	[2.370838336907534e-06,2.748332371215238e-06,2.7906181449689724e-06,6.650375625422977e-06]
14	6	144	-0.025	0.047964923869147025	[0.047964923869147025,0.0058546839783002284]	[-5.1963331709900254e-05,-1.6370524244030668e-07,2.675237770152331e-06,2.7906181446522194e-06]
14	7	144	0.0	0.08100620606180947	[0.08100620606180947,0.0010825415532542911]	[3.96880628177918e-10,2.7906181446475463e-06,2.7906181448591842e-06,2.7906181449504804e-06]
14	8	144	0.025	0.07973540650118624	[0.07973540650118624,0.003367001183801085]	[-5.049537106195285e-05,-3.5202925664323526e-06,2.5833613348729185e-06,2.790618144996903e-06]
14	9	144	0.05	0.09661544438015	[0.09661544438015,0.020250027112476403]	[2.3950237627406168e-06,2.6249663218707075e-06,2.790618144570574e-06,6.878228837417185e-06]
15	0	128	-0.05	0.03422024584947158	[0.03422024584947158,0.00611681611203002]	[2.3915817813759094e-06,2.7865577781430305e-06,2.7919465141568682e-06,9.23307071779792e-06]
15	1	128	-0.025	0.003960107920977625	[0.003960107920977625,8.032281409966102e-05]	[-0.00014956526830983143,-1.0689248027745419e-05,2.600431664178641e-06,2.7919465137713285e-06]
15	2	128	0.0	0.0017201153325503069	[0.0017201153325503069,0.0006955903013484329]	[1.6144345855837424e-09,2.7919465132003114e-06,2.7919465135485207e-06,2.7919465136711148e-06]
15	3	128	0.025	0.0037734468469645672	[0.0037734468469645672,9.871705865981069e-05]	[-0.00015254756010165288,-1.768954197021747e-05,2.5490522560242094e-06,2.791946513777139e-06]
15	4	128	0.05	0.053122023869007225	[0.053122023869007225,0.010965128332746226]	[2.4013553633408032e-06,2.7782196995176035e-06,2.7919465139128842e-06,9.816569864820853e-06]
15	5	144	-0.05	0.0479119258419822	[0.0479119258419822,0.013311695335712036]	[2.370838336907534e-06,2.748332371215238e-06,2.7906181449689724e-06,6.650375625422977e-06]
15	6	144	-0.025	0.009821193879211033	[0.009821193879211033,0.00023858505574253006]	[-5.1963331709900254e-05,-1.6370524244030668e-07,2.675237770152331e-06,2.7906181446522194e-06]
15	7	144	0.0	0.0019137850005353132	[0.0019137850005353132,0.0007273309668738817]	[3.96880628177918e-10,2.7906181446475463e-06,2.7906181448591842e-06,2.7906181449504804e-06]
15	8	144	0.025	0.006362138244641706	[0.006362138244641706,0.00024546994565310503]	[-5.049537106195285e-05,-3.5202925664323526e-06,2.5833613348729185e-06,2.790618144996903e-06]
15	9	144	0.05	0.033210064392028865	[0.033210064392028865,0.010301190967795946]	[2.3950237627406168e-06,2.6249663218707075e-06,2.790618144570574e-06,6.878228837417185e-06]
16	0	128	-0.05	0.01376758165178993	[0.01376758165178993,0.004369775499684027]	[2.3915817813759094e-06,2.7865577781430305e-06,2.7919465141568682e-06,9.23307071779792e-06]
16	1	128	-0.025	8.896059194717021e-05	[8.896059194717021e-05,2.8174530326302883e-05]	[-0.00014956526830983143,-1.0689248027745419e-05,2.600431664178641e-06,2.7919465137713285e-06]
16	2	128	0.0	0.0011960095064050672	[0.0011960095064050672,4.880718601561057e-05]	[1.6144345855837424e-09,2.7919465132003114e-06,2.7919465135485207e-06,2.7919465136711148e-06]
16	3	128	0.025	0.0004826759303390922	[0.0004826759303390922,4.363443244452969e-05]	[-0.00015254756010165288,-1.768954197021747e-05,2.5490522560242094e-06,2.791946513777139e-06]
16	4	128	0.05	0.011983066939230467	[0.011983066939230467,0.006849163497810815]	[2.4013553633408032e-06,2.7782196995176035e-06,2.7919465139128842e-06,9.816569864820853e-06]
16	5	144	-0.05	0.01334109169550728	[0.01334109169550728,0.0017301707669649677]	[2.370838336907534e-06,2.748332371215238e-06,2.7906181449689724e-06,6.650375625422977e-06]
16	6	144	-0.025	0.000563020187864939	[0.000563020187864939,8.503945534077155e-05]	[-5.1963331709900254e-05,-1.6370524244030668e-07,2.675237770152331e-06,2.7906181446522194e-06]
16	7	144	0.0	0.0013248074748901297	[0.0013248074748901297,6.0195583238615304e-05]	[3.96880628177918e-10,2.7906181446475463e-06,2.7906181448591842e-06,2.7906181449504804e-06]
16	8	144	0.025	0.0008692036318082605	[0.0008692036318082605,8.227295285127725e-05]	[-5.049537106195285e-05,-3.5202925664323526e-06,2.5833613348729185e-06,2.790618144996903e-06]
16	9	144	0.05	0.011376877633850896	[0.011376877633850896,0.0009006174880185608]	[2.3950237627406168e-06,2.6249663218707075e-06,2.790618144570574e-06,6.878228837417185e-06]
17	0	128	-0.05	0.004406372770677503	[0.004406372770677503,0.003761940317180919]	[2.3915817813759094e-06,2.7865577781430305e-06,2.7919465141568682e-06,9.23307071779792e-06]
17	1	128	-0.025	2.8712700944828915e-05	[2.8712700944828915e-05,2.4979263396123047e-05]	[-0.00014956526830983143,-1.0689248027745419e-05,2.600431664178641e-06,2.7919465137713285e-06]
17	2	128	0.0	0.0006063668495270166	[0.0006063668495270166,4.796354146214209e-05]	[1.6144345855837424e-09,2.7919465132003114e-06,2.7919465135485207e-06,2.7919465136711148e-06]
17	3	128	0.025	0.00015130593805844512	[0.00015130593805844512,1.142271288210643e-05]	[-0.00015254756010165288,-1.768954197021747e-05,2.5490522560242094e-06,2.791946513777139e-06]
17	4	128	0.05	0.01030034950644823	[0.01030034950644823,0.002457080307560229]	[2.4013553633408032e-06,2.7782196995176035e-06,2.7919465139128842e-06,9.816569864820853e-06]
17	5	144	-0.05	0.004196540742932636	[0.004196540742932636,0.001566452690577789]	[2.370838336907534e-06,2.748332371215238e-06,2.7906181449689724e-06,6.650375625422977e-06]
17	6	144	-0.025	0.0003772220865519513	[0.0003772220865519513,5.598568198963992e-06]	[-5.1963331709900254e-05,-1.6370524244030668e-07,2.675237770152331e-06,2.7906181446522194e-06]
17	7	144	0.0	0.0006669699178150528	[0.0006669699178150528,5.163742720145542e-05]	[3.96880628177918e-10,2.7906181446475463e-06,2.7906181448591842e-06,2.7906181449504804e-06]
17	8	144	0.025	0.0002195443696083462	[0.0002195443696083462,3.294504416025681e-05]	[-5.049537106195285e-05,-3.5202925664323526e-06,2.5833613348729185e-06,2.790618144996903e-06]
17	9	144	0.05	0.010125482188875767	[0.010125482188875767,0.0002240712628412423]	[2.3950237627406168e-06,2.6249663218707075e-06,2.790618144570574e-06,6.878228837417185e-06]
18	0	128	-0.05	0.004334446520801268	[0.004334446520801268,0.0]	[2.3915817813759094e-06,2.7865577781430305e-06,2.7919465141568682e-06,9.23307071779792e-06]
18	1	128	-0.025	2.71333509435177e-05	[2.71333509435177e-05,2.9575586669421963e-06]	[-0.00014956526830983143,-1.0689248027745419e-05,2.600431664178641e-06,2.7919465137713285e-06]
18	2	128	0.0	0.00014741138187754317	[0.00014741138187754317,4.792553246856475e-05]	[1.6144345855837424e-09,2.7919465132003114e-06,2.7919465135485207e-06,2.7919465136711148e-06]
18	3	128	0.025	2.682262769242261e-05	[2.682262769242261e-05,0.0]	[-0.00015254756010165288,-1.768954197021747e-05,2.5490522560242094e-06,2.791946513777139e-06]
18	4	128	0.05	0.00246734896819653	[0.00246734896819653,0.0]	[2.4013553633408032e-06,2.7782196995176035e-06,2.7919465139128842e-06,9.816569864820853e-06]
18	5	144	-0.05	0.0022308845617534587	[0.0022308845617534587,0.0]	[2.370838336907534e-06,2.748332371215238e-06,2.7906181449689724e-06,6.650375625422977e-06]
18	6	144	-0.025	9.668774511596574e-05	[9.668774511596574e-05,3.306651113363206e-06]	[-5.1963331709900254e-05,-1.6370524244030668e-07,2.675237770152331e-06,2.7906181446522194e-06]
18	7	144	0.0	0.00016997816381818462	[0.00016997816381818462,4.6356056629868636e-05]	[3.96880628177918e-10,2.7906181446475463e-06,2.7906181448591842e-06,2.7906181449504804e-06]
18	8	144	0.025	6.741568847364762e-05	[6.741568847364762e-05,3.52019892386405e-06]	[-5.049537106195285e-05,-3.5202925664323526e-06,2.5833613348729185e-06,2.790618144996903e-06]
18	9	144	0.05	0.000574717144961005	[0.000574717144961005,1.4787793334710982e-06]	[2.3950237627406168e-06,2.6249663218707075e-06,2.790618144570574e-06,6.878228837417185e-06]
19	0	128	-0.05	0.0	[0.0,0.0]	[2.3915817813759094e-06,2.7865577781430305e-06,2.7919465141568682e-06,9.23307071779792e-06]
19	1	128	-0.025	3.306651113363206e-06	[3.306651113363206e-06,0.0]	[-0.00014956526830983143,-1.0689248027745419e-05,2.600431664178641e-06,2.7919465137713285e-06]
19	2	128	0.0	4.9658516814855666e-05	[4.9658516814855666e-05,8.537736462515939e-07]	[1.6144345855837424e-09,2.7919465132003114e-06,2.7919465135485207e-06,2.7919465136711148e-06]
19	3	128	0.025	0.0	[0.0,0.0]	[-0.00015254756010165288,-1.768954197021747e-05,2.5490522560242094e-06,2.791946513777139e-06]
19	4	128	0.05	0.0	[0.0,0.0]	[2.4013553633408032e-06,2.7782196995176035e-06,2.7919465139128842e-06,9.816569864820853e-06]
19	5	144	-0.05	0.0	[0.0,0.0]	[2.370838336907534e-06,2.748332371215238e-06,2.7906181449689724e-06,6.650375625422977e-06]
19	6	144	-0.025	3.1945284701301985e-06	[3.1945284701301985e-06,0.0]	[-5.1963331709900254e-05,-1.6370524244030668e-07,2.675237770152331e-06,2.7906181446522194e-06]
19	7	144	0.0	4.9643835804390005e-05	[4.9643835804390005e-05,2.9575586669421963e-06]	[3.96880628177918e-10,2.7906181446475463e-06,2.7906181448591842e-06,2.7906181449504804e-06]
19	8	144	0.025	3.52019892386405e-06	[3.52019892386405e-06,0.0]	[-5.049537106195285e-05,-3.5202925664323526e-06,2.5833613348729185e-06,2.790618144996903e-06]
19	9	144	0.05	1.9090959104164224e-06	[1.9090959104164224e-06,0.0]	[2.3950237627406168e-06,2.6249663218707075e-06,2.790618144570574e-06,6.878228837417185e-06]
20	0	128	-0.05	0.0	[0.0,0.0]	[2.3915817813759094e-06,2.7865577781430305e-06,2.7919465141568682e-06,9.23307071779792e-06]
20	1	128	-0.025	3.306651113363206e-06	[3.306651113363206e-06,0.0]	[-0.00014956526830983143,-1.0689248027745419e-05,2.600431664178641e-06,2.7919465137713285e-06]
20	2	128	0.0	1.2074182697257333e-06	[1.2074182697257333e-06,0.0]	[1.6144345855837424e-09,2.7919465132003114e-06,2.7919465135485207e-06,2.7919465136711148e-06]
20	3	128	0.025	0.0	[0.0,0.0]	[-0.00015254756010165288,-1.768954197021747e-05,2.5490522560242094e-06,2.791946513777139e-06]
20	4	128	0.05	0.0	[0.0,0.0]	[2.4013553633408032e-06,2.7782196995176035e-06,2.7919465139128842e-06,9.816569864820853e-06]
20	5	144	-0.05	0.0	[0.0,0.0]	[2.370838336907534e-06,2.748332371215238e-06,2.7906181449689724e-06,6.650375625422977e-06]
20	6	144	-0.025	3.1945284701301985e-06	[3.1945284701301985e-06,0.0]	[-5.1963331709900254e-05,-1.6370524244030668e-07,2.675237770152331e-06,2.7906181446522194e-06]
20	7	144	0.0	3.1945284701301985e-06	[3.1945284701301985e-06,0.0]	[3.96880628177918e-10,2.7906181446475463e-06,2.7906181448591842e-06,2.7906181449504804e-06]
20	8	144	0.025	3.52019892386405e-06	[3.52019892386405e-06,0.0]	[-5.049537106195285e-05,-3.5202925664323526e-06,2.5833613348729185e-06,2.790618144996903e-06]
20	9	144	0.05	1.4787793334710982e-06	[1.4787793334710982e-06,8.537736462515939e-07]	[2.3950237627406168e-06,2.6249663218707075e-06,2.790618144570574e-06,6.878228837417185e-06]
