experiment_id	source_relative_to_state	frozen_relative_to_analysis	sha256	size_bytes
S1-20260810-201	attempts/S1-20260810-201.json	raw/S1-20260810-201/run_evidence/attempt_marker.json	f062c180010bf3438cdf455db9b222b5c85e5cf99eb6586e0eee1fb21832cb7c	560
S1-20260810-201	completions/S1-20260810-201.json	raw/S1-20260810-201/run_evidence/completion_marker.json	59d3e0b3e7795d2c72efe98c1a42b61eed4393fc94bae32b8d8869ad8a93b3b8	461
S1-20260810-201	runs/S1-20260810-201/INPUT	raw/S1-20260810-201/run_evidence/INPUT	cc0fbb0a04e382b054a18adb109ba1042eede2a7c15196e1cb8b6b8f73adaa26	363
S1-20260810-201	runs/S1-20260810-201/KPT	raw/S1-20260810-201/run_evidence/KPT	0903e64e14f6e451103ae0d60e2b3afe07dbbee7aaabff907df214bfd1eb0bc8	32
S1-20260810-201	runs/S1-20260810-201/OUT.g1dsr1_al_201/chg.cube	raw/S1-20260810-201/run_evidence/OUT.g1dsr1_al_201/chg.cube	ebcad69289c59e588cdb37828b6bc73d572a5af12efafcfd6a2fe70a0d517dbe	626727
S1-20260810-201	runs/S1-20260810-201/OUT.g1dsr1_al_201/pot.cube	raw/S1-20260810-201/run_evidence/OUT.g1dsr1_al_201/pot.cube	eaf99e360a94d3a0c1435a71e075507c1bd95927fe9b5411f4b34debdf189f80	649548
S1-20260810-201	runs/S1-20260810-201/OUT.g1dsr1_al_201/running_scf.log	raw/S1-20260810-201/run_evidence/OUT.g1dsr1_al_201/running_scf.log	fa5cf12cbffa8915a48e02684ba65af2ce5b5a31170c113660df47de7e66edfa	2439626
S1-20260810-201	runs/S1-20260810-201/OUT.g1dsr1_al_201/warning.log	raw/S1-20260810-201/run_evidence/OUT.g1dsr1_al_201/warning.log	d62cb9240e3283221546f61a9d74e24589eea5b2df5ec6700f0ea07bac01c972	919
S1-20260810-201	runs/S1-20260810-201/STRU	raw/S1-20260810-201/run_evidence/STRU	57b0369a9d0a5402b2146d367a7ffe20f139d32bd88d647a1751521e85c17964	431
S1-20260810-201	runs/S1-20260810-201/al.gga.psp	raw/S1-20260810-201/run_evidence/al.gga.psp	d76ceac60058e230eac514fc419269433a33b199eb6abfa7d6ab43cde248bd1d	57493
S1-20260810-201	runs/S1-20260810-201/input_metadata.json	raw/S1-20260810-201/run_evidence/input_metadata.json	2b02ffaa69a2ca994d9056f49756ed2d0b95cf53c43d44e80cd69986fa6b6417	1858
S1-20260810-201	runs/S1-20260810-201/input_sha256.json	raw/S1-20260810-201/run_evidence/input_sha256.json	dd02d1c43d8ce9ef9ee6ad09d8a2ba1e4ddd046247987c9725d89cdb3ed4bd5b	414
S1-20260810-201	runs/S1-20260810-201/rank_affinity/rank-0.txt	raw/S1-20260810-201/run_evidence/rank_affinity/rank-0.txt	88e76444a88e16c7cd783eafdca1bf4f1298eab3e46889d8953fd92f2fe7dfed	92
S1-20260810-201	runs/S1-20260810-201/rank_affinity/rank-1.txt	raw/S1-20260810-201/run_evidence/rank_affinity/rank-1.txt	54a8c61c84f1003e7685806251471b47cbfefc961f7b044d2db6b004d6725797	92
S1-20260810-201	runs/S1-20260810-201/rank_affinity/rank-2.txt	raw/S1-20260810-201/run_evidence/rank_affinity/rank-2.txt	2bda34b18ea79f7be0b32825e10a93bd1ac1332482a907d0de242ebeb15e4f1b	92
S1-20260810-201	runs/S1-20260810-201/rank_affinity/rank-3.txt	raw/S1-20260810-201/run_evidence/rank_affinity/rank-3.txt	e5a729530556d971d1d7a920816520b73f03ec1a774bb5a8793b397bba4f32c7	92
S1-20260810-201	runs/S1-20260810-201/resource_usage.txt	raw/S1-20260810-201/run_evidence/resource_usage.txt	d0c21b5384e07e29618aae5049480e751dc61da1ebda749e295bd5882eb09b16	1108
S1-20260810-201	runs/S1-20260810-201/run.stdout	raw/S1-20260810-201/run_evidence/run.stdout	470460b78eb5c001d084ba84038c9d3c2d3ff310fa37761ccc44f55101bd3c7e	5790
S1-20260810-201	runs/S1-20260810-201/runner_result.json	raw/S1-20260810-201/run_evidence/runner_result.json	59d3e0b3e7795d2c72efe98c1a42b61eed4393fc94bae32b8d8869ad8a93b3b8	461
S1-20260810-201	runs/S1-20260810-201/runtime.json	raw/S1-20260810-201/run_evidence/runtime.json	d0d69539cc64ab868c09fc098ce43b1f4ebffaf177a38c132fd61da1e98e29d2	2510
S1-20260810-202	attempts/S1-20260810-202.json	raw/S1-20260810-202/run_evidence/attempt_marker.json	24ee423c532995770f60ed786e5a557b1e32e8970e35cd6cc53325e007ad79f7	560
S1-20260810-202	completions/S1-20260810-202.json	raw/S1-20260810-202/run_evidence/completion_marker.json	290cb8ddd965d2fb154d9d1c3dc57d95a48be291501d9cd9a18327084f377103	460
S1-20260810-202	runs/S1-20260810-202/INPUT	raw/S1-20260810-202/run_evidence/INPUT	d6000c6280788c72def22061475ea9d6fe13db73d35f134eb93fa48407531d46	363
S1-20260810-202	runs/S1-20260810-202/KPT	raw/S1-20260810-202/run_evidence/KPT	0903e64e14f6e451103ae0d60e2b3afe07dbbee7aaabff907df214bfd1eb0bc8	32
S1-20260810-202	runs/S1-20260810-202/OUT.g1dsr1_al_202/chg.cube	raw/S1-20260810-202/run_evidence/OUT.g1dsr1_al_202/chg.cube	37c8bdc6cae1992dc77cb4c36eaa7de87884ad824fa1b60be744a352954ed534	626727
S1-20260810-202	runs/S1-20260810-202/OUT.g1dsr1_al_202/pot.cube	raw/S1-20260810-202/run_evidence/OUT.g1dsr1_al_202/pot.cube	e0dce7ebb21abb3ea4abae1884791fe69a41d20a8eaa1cd08b9b4506aba93bbd	649562
S1-20260810-202	runs/S1-20260810-202/OUT.g1dsr1_al_202/running_scf.log	raw/S1-20260810-202/run_evidence/OUT.g1dsr1_al_202/running_scf.log	2326962ed63a05ccf827e2574ab75d57d273200cc494b0a113a55e57304bd884	2439630
S1-20260810-202	runs/S1-20260810-202/OUT.g1dsr1_al_202/warning.log	raw/S1-20260810-202/run_evidence/OUT.g1dsr1_al_202/warning.log	8633b578c58d9be57ec17faa443026f2b1b2881e997830797e5f99406915c4d9	952
S1-20260810-202	runs/S1-20260810-202/STRU	raw/S1-20260810-202/run_evidence/STRU	3287701b3da31e8ed756b66d0d7bc074ed62177f7c863447fa4ae04d3f8be82b	431
S1-20260810-202	runs/S1-20260810-202/al.gga.psp	raw/S1-20260810-202/run_evidence/al.gga.psp	d76ceac60058e230eac514fc419269433a33b199eb6abfa7d6ab43cde248bd1d	57493
S1-20260810-202	runs/S1-20260810-202/input_metadata.json	raw/S1-20260810-202/run_evidence/input_metadata.json	6eb46d380292c7f45992c06927453e37cc868e8134b8c59e4ae744cbc0d20414	1952
S1-20260810-202	runs/S1-20260810-202/input_sha256.json	raw/S1-20260810-202/run_evidence/input_sha256.json	5b21b7e1983b676a8d1ce2900e662e9ff8c5aff139da1cb2efac6bacf815a90c	414
S1-20260810-202	runs/S1-20260810-202/rank_affinity/rank-0.txt	raw/S1-20260810-202/run_evidence/rank_affinity/rank-0.txt	ed459e0d4e62cd71dfe1a86b8d04c33f5e857e1d75c0a9f3cae6f84ca0f2ce06	92
S1-20260810-202	runs/S1-20260810-202/rank_affinity/rank-1.txt	raw/S1-20260810-202/run_evidence/rank_affinity/rank-1.txt	de6d39eefb37771fc84f9cadc7b4737908c8e8242b276e0bd5e72f374797ad82	92
S1-20260810-202	runs/S1-20260810-202/rank_affinity/rank-2.txt	raw/S1-20260810-202/run_evidence/rank_affinity/rank-2.txt	b4f00e6be685a702e6ff469b1ca3c1a0d6a39f77856b28b67c922bfb0a2687ce	92
S1-20260810-202	runs/S1-20260810-202/rank_affinity/rank-3.txt	raw/S1-20260810-202/run_evidence/rank_affinity/rank-3.txt	5ef2df4b69758967595b4d1ac4da9a614ccdf327db2bf55e5b6d7c9a4195150b	92
S1-20260810-202	runs/S1-20260810-202/resource_usage.txt	raw/S1-20260810-202/run_evidence/resource_usage.txt	53b07a8bf31db968e1539b8fd364ddd378164635bf6aefad0f32162cdbc74120	1108
S1-20260810-202	runs/S1-20260810-202/run.stdout	raw/S1-20260810-202/run_evidence/run.stdout	5b6ca41ea6f2f17003dde07092158e42b403b4a466d8aa592dbc9a468cb3aaca	5790
S1-20260810-202	runs/S1-20260810-202/runner_result.json	raw/S1-20260810-202/run_evidence/runner_result.json	290cb8ddd965d2fb154d9d1c3dc57d95a48be291501d9cd9a18327084f377103	460
S1-20260810-202	runs/S1-20260810-202/runtime.json	raw/S1-20260810-202/run_evidence/runtime.json	0181834ffae6e356143142e96d0970bf539d610d3583ac553d0fe757f664885b	2510
S1-20260810-203	attempts/S1-20260810-203.json	raw/S1-20260810-203/run_evidence/attempt_marker.json	f88c040f25611474a6f4e0c97bea0e1a9c6de497077fdc993e64da3b2bc3ebf2	560
S1-20260810-203	completions/S1-20260810-203.json	raw/S1-20260810-203/run_evidence/completion_marker.json	14f7535f231a49afe68c13d961177dfb108848004d72f51997baf41faf0179a2	461
S1-20260810-203	runs/S1-20260810-203/INPUT	raw/S1-20260810-203/run_evidence/INPUT	963e02d1583f6338f75aad4b521953c7d41828f113c08894326257a9de24bd16	363
S1-20260810-203	runs/S1-20260810-203/KPT	raw/S1-20260810-203/run_evidence/KPT	0903e64e14f6e451103ae0d60e2b3afe07dbbee7aaabff907df214bfd1eb0bc8	32
S1-20260810-203	runs/S1-20260810-203/OUT.g1dsr1_al_203/chg.cube	raw/S1-20260810-203/run_evidence/OUT.g1dsr1_al_203/chg.cube	6908f94dbe9dda988d19e28d56a557b62e4e5aeaff5849f3a7654a1b78ae78a2	626727
S1-20260810-203	runs/S1-20260810-203/OUT.g1dsr1_al_203/pot.cube	raw/S1-20260810-203/run_evidence/OUT.g1dsr1_al_203/pot.cube	131a3fc1cb88460923d94b14a46f5092c36cc62e1b9330bed1519a522584f8e1	649562
S1-20260810-203	runs/S1-20260810-203/OUT.g1dsr1_al_203/running_scf.log	raw/S1-20260810-203/run_evidence/OUT.g1dsr1_al_203/running_scf.log	3523012fcad1697b1ae8dd73702751928b5da05c925f47d33873de6b1a16459a	2439634
S1-20260810-203	runs/S1-20260810-203/OUT.g1dsr1_al_203/warning.log	raw/S1-20260810-203/run_evidence/OUT.g1dsr1_al_203/warning.log	b64fd687ad49090d6d3506762d5b3e9e0d85afb02a05d11528178d82cf4e6288	934
S1-20260810-203	runs/S1-20260810-203/STRU	raw/S1-20260810-203/run_evidence/STRU	8fa020a674560b528e0d2d43b6fd6c8996a1775c057a1c8e55a94eec72ff7b5e	433
S1-20260810-203	runs/S1-20260810-203/al.gga.psp	raw/S1-20260810-203/run_evidence/al.gga.psp	d76ceac60058e230eac514fc419269433a33b199eb6abfa7d6ab43cde248bd1d	57493
S1-20260810-203	runs/S1-20260810-203/input_metadata.json	raw/S1-20260810-203/run_evidence/input_metadata.json	90c49d7b9d41f33375d736748d92f524a5b882451b18cb8a0a188baeb2c341d1	1956
S1-20260810-203	runs/S1-20260810-203/input_sha256.json	raw/S1-20260810-203/run_evidence/input_sha256.json	65047a7b75d954245aca0d38cac599a03e41a4a54a77542a7e245675bfaa88b8	414
S1-20260810-203	runs/S1-20260810-203/rank_affinity/rank-0.txt	raw/S1-20260810-203/run_evidence/rank_affinity/rank-0.txt	8d59aa6328279a02e568c950381ccba4c84e1839532a4996ce3784d588cd53c1	92
S1-20260810-203	runs/S1-20260810-203/rank_affinity/rank-1.txt	raw/S1-20260810-203/run_evidence/rank_affinity/rank-1.txt	793aca48ad85d7753be386df4f3c1e0b6afe0afefd8f29bf4924442a3f659c3e	92
S1-20260810-203	runs/S1-20260810-203/rank_affinity/rank-2.txt	raw/S1-20260810-203/run_evidence/rank_affinity/rank-2.txt	3b5711913bfd3a2c30f58ed910908aa541f9ab50636763a367e5db22f73ac397	92
S1-20260810-203	runs/S1-20260810-203/rank_affinity/rank-3.txt	raw/S1-20260810-203/run_evidence/rank_affinity/rank-3.txt	aeb16d610db98fc1ce082206592f15bf119f8e4c4b8c37dbd0352d9b0a633eb8	92
S1-20260810-203	runs/S1-20260810-203/resource_usage.txt	raw/S1-20260810-203/run_evidence/resource_usage.txt	5939cebb3edae83634f0c580cf0003c78227283345a05a1211b19a4944122f39	1108
S1-20260810-203	runs/S1-20260810-203/run.stdout	raw/S1-20260810-203/run_evidence/run.stdout	c42eb098205c02d8eaae12ba6782259d1273fc296f10577e77cda37aa4cf444e	5790
S1-20260810-203	runs/S1-20260810-203/runner_result.json	raw/S1-20260810-203/run_evidence/runner_result.json	14f7535f231a49afe68c13d961177dfb108848004d72f51997baf41faf0179a2	461
S1-20260810-203	runs/S1-20260810-203/runtime.json	raw/S1-20260810-203/run_evidence/runtime.json	5b610d6069c23e57f10652d1b7be1e2c065f382e85d70e498e7d55aefd2359a9	2510
S1-20260810-204	attempts/S1-20260810-204.json	raw/S1-20260810-204/run_evidence/attempt_marker.json	e7727f4667c3a1889be6adc46b1717ee61336865df5f5021b4db90990beb7a9d	560
S1-20260810-204	completions/S1-20260810-204.json	raw/S1-20260810-204/run_evidence/completion_marker.json	2ad7df7921e99f3e4a45118a93b57d9cd0349bbc13b5bc0fbc7ea86e15cb297c	462
S1-20260810-204	runs/S1-20260810-204/INPUT	raw/S1-20260810-204/run_evidence/INPUT	8205c5cf855c3584b22598dfeff044befda7c7b8fa3858f41df448053c006cfb	363
S1-20260810-204	runs/S1-20260810-204/KPT	raw/S1-20260810-204/run_evidence/KPT	0903e64e14f6e451103ae0d60e2b3afe07dbbee7aaabff907df214bfd1eb0bc8	32
S1-20260810-204	runs/S1-20260810-204/OUT.g1dsr1_al_204/chg.cube	raw/S1-20260810-204/run_evidence/OUT.g1dsr1_al_204/chg.cube	7729094d85194265ce8610f2b39e4ce938bcc0867577a4259a51e6119124786e	334367
S1-20260810-204	runs/S1-20260810-204/OUT.g1dsr1_al_204/pot.cube	raw/S1-20260810-204/run_evidence/OUT.g1dsr1_al_204/pot.cube	963b7ac64fa0e8db84d9c1d8812062f2b424d52fccbfc53e1f5c44757e5cd442	346507
S1-20260810-204	runs/S1-20260810-204/OUT.g1dsr1_al_204/running_scf.log	raw/S1-20260810-204/run_evidence/OUT.g1dsr1_al_204/running_scf.log	ac422346f4c01e49631fd0b03ea4a3d45440ec18583182acc0e56f32c3ebf6c5	2438533
S1-20260810-204	runs/S1-20260810-204/OUT.g1dsr1_al_204/warning.log	raw/S1-20260810-204/run_evidence/OUT.g1dsr1_al_204/warning.log	b4b6a97ad885b1afa5cfde53a871d556aca9159ea108731c64f6f101da3c2bbb	937
S1-20260810-204	runs/S1-20260810-204/STRU	raw/S1-20260810-204/run_evidence/STRU	3b70898321e808fd51b9d2324aa2f9a3c8c10dfa33b2cca69460a1ee75a349e1	368
S1-20260810-204	runs/S1-20260810-204/al.gga.psp	raw/S1-20260810-204/run_evidence/al.gga.psp	d76ceac60058e230eac514fc419269433a33b199eb6abfa7d6ab43cde248bd1d	57493
S1-20260810-204	runs/S1-20260810-204/input_metadata.json	raw/S1-20260810-204/run_evidence/input_metadata.json	2507778443f39d9f6638c8df40b617b4c730b1a2101b3d23ec6b6f4f199652b7	1838
S1-20260810-204	runs/S1-20260810-204/input_sha256.json	raw/S1-20260810-204/run_evidence/input_sha256.json	eeb5fbaa642a87bb120c606b64f276c7f42f17fc27ff9c2c1704a6d516becead	414
S1-20260810-204	runs/S1-20260810-204/rank_affinity/rank-0.txt	raw/S1-20260810-204/run_evidence/rank_affinity/rank-0.txt	731ea5057508e15bb23407346a2b3965de1d3464eb38070c931b312804f43b3d	92
S1-20260810-204	runs/S1-20260810-204/rank_affinity/rank-1.txt	raw/S1-20260810-204/run_evidence/rank_affinity/rank-1.txt	0a0048ef18050b6c2c1d43669cb4367f29caf20173fd9b274db1d13de74d3598	92
S1-20260810-204	runs/S1-20260810-204/rank_affinity/rank-2.txt	raw/S1-20260810-204/run_evidence/rank_affinity/rank-2.txt	4c5f299a6c6e9d03399519457b6def5e63aeab080d40d4905368b68380891e21	92
S1-20260810-204	runs/S1-20260810-204/rank_affinity/rank-3.txt	raw/S1-20260810-204/run_evidence/rank_affinity/rank-3.txt	bf6707da77977859f4c51e78b3d45b3577cba9b31f474c877e7ee9c848452fad	92
S1-20260810-204	runs/S1-20260810-204/resource_usage.txt	raw/S1-20260810-204/run_evidence/resource_usage.txt	a654e1b02772448eac858138de48639f26f36c8edb31e1e1cef5793a1b49e3da	1106
S1-20260810-204	runs/S1-20260810-204/run.stdout	raw/S1-20260810-204/run_evidence/run.stdout	96af14cedeb258f8b66b69a749fb90c271f22b34c452d16021ae16d560d7387f	5795
S1-20260810-204	runs/S1-20260810-204/runner_result.json	raw/S1-20260810-204/run_evidence/runner_result.json	2ad7df7921e99f3e4a45118a93b57d9cd0349bbc13b5bc0fbc7ea86e15cb297c	462
S1-20260810-204	runs/S1-20260810-204/runtime.json	raw/S1-20260810-204/run_evidence/runtime.json	498f034f3a81253c7f3d42da68e8c6c6b04a479743dadf4b6f409961e604c3b7	2510
S1-20260810-205	attempts/S1-20260810-205.json	raw/S1-20260810-205/run_evidence/attempt_marker.json	1ee2e3680dd4f029f0042e3feeba3a5a9c961db528926cf898a2ef586d71bbd2	560
S1-20260810-205	completions/S1-20260810-205.json	raw/S1-20260810-205/run_evidence/completion_marker.json	a9e5cee71d107c2a8a3cc59f0182f4eb70674612d292c23b9faa3cf517a5d985	461
S1-20260810-205	runs/S1-20260810-205/INPUT	raw/S1-20260810-205/run_evidence/INPUT	36570fd8a5e8d56a9e8db7fe73460ef01749c7aa7e67dfb1a05a38bd155ede0d	363
S1-20260810-205	runs/S1-20260810-205/KPT	raw/S1-20260810-205/run_evidence/KPT	0903e64e14f6e451103ae0d60e2b3afe07dbbee7aaabff907df214bfd1eb0bc8	32
S1-20260810-205	runs/S1-20260810-205/OUT.g1dsr1_al_205/chg.cube	raw/S1-20260810-205/run_evidence/OUT.g1dsr1_al_205/chg.cube	5b31c2328964dd6211a68661d2bba2d632f3370618ea8a3228cd0878bf32c492	334367
S1-20260810-205	runs/S1-20260810-205/OUT.g1dsr1_al_205/pot.cube	raw/S1-20260810-205/run_evidence/OUT.g1dsr1_al_205/pot.cube	66b856eebb8a983b2fe884d2e636e06bfcb457c4ecf82d145d7230e72a10d567	346507
S1-20260810-205	runs/S1-20260810-205/OUT.g1dsr1_al_205/running_scf.log	raw/S1-20260810-205/run_evidence/OUT.g1dsr1_al_205/running_scf.log	1603040eac3e791af03dcaa61dd66189260aef16b5ea0cab1f80e935f9a636fe	2438530
S1-20260810-205	runs/S1-20260810-205/OUT.g1dsr1_al_205/warning.log	raw/S1-20260810-205/run_evidence/OUT.g1dsr1_al_205/warning.log	ffa05e5d33ba30efca9c45d5e4759e02fc56de65c7f8bedcf057b4b08f2b58be	921
S1-20260810-205	runs/S1-20260810-205/STRU	raw/S1-20260810-205/run_evidence/STRU	25fb366eb116bb63bb080e2b8005713494486312a5294a265aa29b19efb8d8c6	368
S1-20260810-205	runs/S1-20260810-205/al.gga.psp	raw/S1-20260810-205/run_evidence/al.gga.psp	d76ceac60058e230eac514fc419269433a33b199eb6abfa7d6ab43cde248bd1d	57493
S1-20260810-205	runs/S1-20260810-205/input_metadata.json	raw/S1-20260810-205/run_evidence/input_metadata.json	4d5ac2a6a439bd82d8dc52eab1ec10bd221bdc85d127eaa61db9bb1a224750eb	1835
S1-20260810-205	runs/S1-20260810-205/input_sha256.json	raw/S1-20260810-205/run_evidence/input_sha256.json	b60b9f3185bf6bf7a6299d3968ecd9dd7aebf897b724c12c7ddc96458c512aa4	414
S1-20260810-205	runs/S1-20260810-205/rank_affinity/rank-0.txt	raw/S1-20260810-205/run_evidence/rank_affinity/rank-0.txt	23f47da80e8dadeeb83b77839c5e3e8727cfe5324dac686d78051ec0a4b27043	92
S1-20260810-205	runs/S1-20260810-205/rank_affinity/rank-1.txt	raw/S1-20260810-205/run_evidence/rank_affinity/rank-1.txt	05f6a8a0dfe01bff990c169e17bc94252bc9f191a65eb01008f54203cedf49a7	92
S1-20260810-205	runs/S1-20260810-205/rank_affinity/rank-2.txt	raw/S1-20260810-205/run_evidence/rank_affinity/rank-2.txt	9df887ca0d94eda18dd807b99866f4af9f37d32f6e16fbce98744eaad47a3953	92
S1-20260810-205	runs/S1-20260810-205/rank_affinity/rank-3.txt	raw/S1-20260810-205/run_evidence/rank_affinity/rank-3.txt	4c72a8937dc16c0dc81b0965ab994e570e975840f45218e35ad6a06a25b70eb5	92
S1-20260810-205	runs/S1-20260810-205/resource_usage.txt	raw/S1-20260810-205/run_evidence/resource_usage.txt	f213f2abe2a6447e1c8079c2f54f329498134aa13a650fe7cc2a71b076c7c8c5	1106
S1-20260810-205	runs/S1-20260810-205/run.stdout	raw/S1-20260810-205/run_evidence/run.stdout	ecdbdd6d7d5fac373ff980acf7d90034fbf6efff26db06f6562eb2cfc077f7e0	5795
S1-20260810-205	runs/S1-20260810-205/runner_result.json	raw/S1-20260810-205/run_evidence/runner_result.json	a9e5cee71d107c2a8a3cc59f0182f4eb70674612d292c23b9faa3cf517a5d985	461
S1-20260810-205	runs/S1-20260810-205/runtime.json	raw/S1-20260810-205/run_evidence/runtime.json	12fb5a5fddf4063284e73a6c1bebb2b7b437c7d01510a7b17d11f01bf4365ca7	2510
S1-20260810-206	attempts/S1-20260810-206.json	raw/S1-20260810-206/run_evidence/attempt_marker.json	f4d6b4dda2ef57499acd5f9d32ad4bfa0f01c0951a36ffab2b76ff7d03a8cea7	560
S1-20260810-206	completions/S1-20260810-206.json	raw/S1-20260810-206/run_evidence/completion_marker.json	002163885adeae05bc5be220c756ef9417235db648385f471a1cfeb762e28954	462
S1-20260810-206	runs/S1-20260810-206/INPUT	raw/S1-20260810-206/run_evidence/INPUT	8c465526c712addde512d7cceca75812244d954ecc67d07e702c4d524ad16105	363
S1-20260810-206	runs/S1-20260810-206/KPT	raw/S1-20260810-206/run_evidence/KPT	0903e64e14f6e451103ae0d60e2b3afe07dbbee7aaabff907df214bfd1eb0bc8	32
S1-20260810-206	runs/S1-20260810-206/OUT.g1dsr1_al_206/chg.cube	raw/S1-20260810-206/run_evidence/OUT.g1dsr1_al_206/chg.cube	8fd924cd4d32fded7ae8b4264f88b6a3c764e8d803d6782ef7037ed99a5dafbb	334367
S1-20260810-206	runs/S1-20260810-206/OUT.g1dsr1_al_206/pot.cube	raw/S1-20260810-206/run_evidence/OUT.g1dsr1_al_206/pot.cube	3c6cc9f47eb43b539d6d6e128e2b93a9e24c4ca08d59c197ea608802c93e5fc3	346507
S1-20260810-206	runs/S1-20260810-206/OUT.g1dsr1_al_206/running_scf.log	raw/S1-20260810-206/run_evidence/OUT.g1dsr1_al_206/running_scf.log	a674b1fecb5143109b4665e73148f855c2fdeb62dadecf802ebf8187c3e4107f	2438532
S1-20260810-206	runs/S1-20260810-206/OUT.g1dsr1_al_206/warning.log	raw/S1-20260810-206/run_evidence/OUT.g1dsr1_al_206/warning.log	244396cfa670784c59aeeb5e2f9c8a33a985815cd8b282658dea6fef6f1078c2	936
S1-20260810-206	runs/S1-20260810-206/STRU	raw/S1-20260810-206/run_evidence/STRU	5cf5c759232e11d083825a5723f7cf57d13821ae2bb5ed6c94e94651a06e032b	368
S1-20260810-206	runs/S1-20260810-206/al.gga.psp	raw/S1-20260810-206/run_evidence/al.gga.psp	d76ceac60058e230eac514fc419269433a33b199eb6abfa7d6ab43cde248bd1d	57493
S1-20260810-206	runs/S1-20260810-206/input_metadata.json	raw/S1-20260810-206/run_evidence/input_metadata.json	030c1f61fd7b9a2aa1480a154a0653111a51242d9b72c2ccfb77408e3ac1c3a4	1816
S1-20260810-206	runs/S1-20260810-206/input_sha256.json	raw/S1-20260810-206/run_evidence/input_sha256.json	0d4e105c8cbf1ad8ef2814a02e468a3ae6222eb260ff4513ececac483f668bde	414
S1-20260810-206	runs/S1-20260810-206/rank_affinity/rank-0.txt	raw/S1-20260810-206/run_evidence/rank_affinity/rank-0.txt	fa7c82f6d5ee37e1683cc4dfa6e05fd0396c00f5e44abcbceacc58f5da3415d4	92
S1-20260810-206	runs/S1-20260810-206/rank_affinity/rank-1.txt	raw/S1-20260810-206/run_evidence/rank_affinity/rank-1.txt	007090efb822ad1130601e1cc7abb3926398f529e9ccfb3c0aa78eba31324e9c	92
S1-20260810-206	runs/S1-20260810-206/rank_affinity/rank-2.txt	raw/S1-20260810-206/run_evidence/rank_affinity/rank-2.txt	c2d06ab82ba25a33a33019fd5fa8ae3b6a65938f11d4296c1447fcd3ec93083c	92
S1-20260810-206	runs/S1-20260810-206/rank_affinity/rank-3.txt	raw/S1-20260810-206/run_evidence/rank_affinity/rank-3.txt	33e4639da5d1149e329add45ee026b964c4ed1a5eac63d7e3b309404ef6e79f6	92
S1-20260810-206	runs/S1-20260810-206/resource_usage.txt	raw/S1-20260810-206/run_evidence/resource_usage.txt	95695781f15afdc6a8d268b380b03b11e6dede5990a5e14d6598902bb95d1626	1106
S1-20260810-206	runs/S1-20260810-206/run.stdout	raw/S1-20260810-206/run_evidence/run.stdout	f1dd65e9ddddea1e3fd762285918c54f2e6e8cc8eb2dd790533c59d8335da418	5795
S1-20260810-206	runs/S1-20260810-206/runner_result.json	raw/S1-20260810-206/run_evidence/runner_result.json	002163885adeae05bc5be220c756ef9417235db648385f471a1cfeb762e28954	462
S1-20260810-206	runs/S1-20260810-206/runtime.json	raw/S1-20260810-206/run_evidence/runtime.json	85d1789ef9e9a9bb4d836e03dbe05c5931fef0cf3506d72d71049a89039fcf8d	2510
S1-20260810-207	attempts/S1-20260810-207.json	raw/S1-20260810-207/run_evidence/attempt_marker.json	5d94a18279ebd4a96aede6c6b5c1f5c7c43148acad1670bf1f2c03c5a619e055	560
S1-20260810-207	completions/S1-20260810-207.json	raw/S1-20260810-207/run_evidence/completion_marker.json	2d7afeb33c77f9a0167c1ef0d1b6d1e223f15b940820b517199e6d9c243a99d3	462
S1-20260810-207	runs/S1-20260810-207/INPUT	raw/S1-20260810-207/run_evidence/INPUT	ef4653df26103b10a8e805640c98a000be8da0beda0efc22cfec56026acb61c5	363
S1-20260810-207	runs/S1-20260810-207/KPT	raw/S1-20260810-207/run_evidence/KPT	0903e64e14f6e451103ae0d60e2b3afe07dbbee7aaabff907df214bfd1eb0bc8	32
S1-20260810-207	runs/S1-20260810-207/OUT.g1dsr1_al_207/chg.cube	raw/S1-20260810-207/run_evidence/OUT.g1dsr1_al_207/chg.cube	6061d67d8fcdd50f3e0f36895dc2392a1496c5643f5a0036f7e3c54b53e22f8c	334368
S1-20260810-207	runs/S1-20260810-207/OUT.g1dsr1_al_207/pot.cube	raw/S1-20260810-207/run_evidence/OUT.g1dsr1_al_207/pot.cube	107a3dcaecffdf62e08b47d98f484640508ec24e410c50ed2e517df56bd97189	346508
S1-20260810-207	runs/S1-20260810-207/OUT.g1dsr1_al_207/running_scf.log	raw/S1-20260810-207/run_evidence/OUT.g1dsr1_al_207/running_scf.log	c3e2ce3fed40fcb242b4b9159324d7170768a293bf9dc773b14446c95fa84f9f	2438527
S1-20260810-207	runs/S1-20260810-207/OUT.g1dsr1_al_207/warning.log	raw/S1-20260810-207/run_evidence/OUT.g1dsr1_al_207/warning.log	521ff9c6696e8d5d8296be5b81fe1221b1eca48a0256312bd9cd87e24bd7b66e	936
S1-20260810-207	runs/S1-20260810-207/STRU	raw/S1-20260810-207/run_evidence/STRU	782289a154c58ab4ad7ba91492f9b4d46553ac41ec71d34cf492521b274a2a15	369
S1-20260810-207	runs/S1-20260810-207/al.gga.psp	raw/S1-20260810-207/run_evidence/al.gga.psp	d76ceac60058e230eac514fc419269433a33b199eb6abfa7d6ab43cde248bd1d	57493
S1-20260810-207	runs/S1-20260810-207/input_metadata.json	raw/S1-20260810-207/run_evidence/input_metadata.json	c9c74e67e92018d01225a6b610df0ac8f43426ef19431a190135eda3362ff197	1820
S1-20260810-207	runs/S1-20260810-207/input_sha256.json	raw/S1-20260810-207/run_evidence/input_sha256.json	06a4236fad85fa27f025b93a631ade31cc80f755bb6abc372152d86fd1434b8e	414
S1-20260810-207	runs/S1-20260810-207/rank_affinity/rank-0.txt	raw/S1-20260810-207/run_evidence/rank_affinity/rank-0.txt	4c00f5ea02318a2198f5fc30f4f50d11d5808bec0786d6a8092396ce53584cba	92
S1-20260810-207	runs/S1-20260810-207/rank_affinity/rank-1.txt	raw/S1-20260810-207/run_evidence/rank_affinity/rank-1.txt	0a0a27a9e968025629ba71b11c3bb71fea1df62b3716d10752924875ce365cd7	92
S1-20260810-207	runs/S1-20260810-207/rank_affinity/rank-2.txt	raw/S1-20260810-207/run_evidence/rank_affinity/rank-2.txt	d69e43ccfafd01232f8839f3ae5e3e40636672e9ef5079daf1445a2932aa562f	92
S1-20260810-207	runs/S1-20260810-207/rank_affinity/rank-3.txt	raw/S1-20260810-207/run_evidence/rank_affinity/rank-3.txt	64d0c611c3b51463f1f9499d1cd850771489bb97c8dae98693eb410be5b7360a	92
S1-20260810-207	runs/S1-20260810-207/resource_usage.txt	raw/S1-20260810-207/run_evidence/resource_usage.txt	c34fa0fb2bafd255a2b58e94a0f46f72ce2a42373a44c2adab85a613bf2429cc	1106
S1-20260810-207	runs/S1-20260810-207/run.stdout	raw/S1-20260810-207/run_evidence/run.stdout	2dc625f5ae4df35e45cebc7953e0c242995b0d1eee1258915d64daf4ae42c17f	5795
S1-20260810-207	runs/S1-20260810-207/runner_result.json	raw/S1-20260810-207/run_evidence/runner_result.json	2d7afeb33c77f9a0167c1ef0d1b6d1e223f15b940820b517199e6d9c243a99d3	462
S1-20260810-207	runs/S1-20260810-207/runtime.json	raw/S1-20260810-207/run_evidence/runtime.json	9a566e29e43294314a154f103d1061973bd76503d355d46d2d3accfe46d84089	2510
S1-20260810-208	attempts/S1-20260810-208.json	raw/S1-20260810-208/run_evidence/attempt_marker.json	2daef12e135c4590dc5cd37c2af775e9f67a0df659734d23a704170bc17c60cb	560
S1-20260810-208	completions/S1-20260810-208.json	raw/S1-20260810-208/run_evidence/completion_marker.json	88d54bdd26c553f1191c5997026f8b424b5da74c4c073ba59c5bfd7b0e3b3da2	460
S1-20260810-208	runs/S1-20260810-208/INPUT	raw/S1-20260810-208/run_evidence/INPUT	560d77c14b4e6780b3be1f8124713dfee6b5164bd891739c45a59044f0c0ddfb	358
S1-20260810-208	runs/S1-20260810-208/KPT	raw/S1-20260810-208/run_evidence/KPT	d59f4a8d01e74f7ec8fb53fe7de304457198bb3b6da2d7dcebba6c08c3330c4f	32
S1-20260810-208	runs/S1-20260810-208/OUT.g1dsr1_mg_208/chg.cube	raw/S1-20260810-208/run_evidence/OUT.g1dsr1_mg_208/chg.cube	0be6169eef82060b7d14cb385463df6d23078e730efc0499c1a4bf7b5478e0c7	604703
S1-20260810-208	runs/S1-20260810-208/OUT.g1dsr1_mg_208/pot.cube	raw/S1-20260810-208/run_evidence/OUT.g1dsr1_mg_208/pot.cube	6cff47b14b950242de46085ed8c766a90132220e4963434ed2925bd1fa8df74f	628150
S1-20260810-208	runs/S1-20260810-208/OUT.g1dsr1_mg_208/running_scf.log	raw/S1-20260810-208/run_evidence/OUT.g1dsr1_mg_208/running_scf.log	13241167f47e34af001f2322805f374068c9328bf3deb1d15059a6c12b969c3e	1037547
S1-20260810-208	runs/S1-20260810-208/OUT.g1dsr1_mg_208/warning.log	raw/S1-20260810-208/run_evidence/OUT.g1dsr1_mg_208/warning.log	275662adbbe71aa7bce98dbd68715e248be68e3e33b6cd4fe82243f8707cf9f4	931
S1-20260810-208	runs/S1-20260810-208/STRU	raw/S1-20260810-208/run_evidence/STRU	e7677c81713f77ba57c6a75da9e764741285be6b35c32273b9d0a76d4d487983	428
S1-20260810-208	runs/S1-20260810-208/input_metadata.json	raw/S1-20260810-208/run_evidence/input_metadata.json	cd5743f54ab5251668d93935042ec6f457938d3dd038316becc233be8971303e	1894
S1-20260810-208	runs/S1-20260810-208/input_sha256.json	raw/S1-20260810-208/run_evidence/input_sha256.json	07f26c9c47b090b356c4b728d557aa5e63ae8cb76654fbd61b1006b109c894bf	414
S1-20260810-208	runs/S1-20260810-208/mg.lda.lps	raw/S1-20260810-208/run_evidence/mg.lda.lps	4b964580cfbd798708299bb0e0baef2f437983d29e6d7040f63b7532038b4259	69617
S1-20260810-208	runs/S1-20260810-208/rank_affinity/rank-0.txt	raw/S1-20260810-208/run_evidence/rank_affinity/rank-0.txt	78ef0630eba3f9a124b47d9e6cd8422324051363d9d09665e0145c46dfd85a74	92
S1-20260810-208	runs/S1-20260810-208/rank_affinity/rank-1.txt	raw/S1-20260810-208/run_evidence/rank_affinity/rank-1.txt	6ec1652c2e80d9123411fb05083ef57af65a377d2add3375174372cd2e886f4b	92
S1-20260810-208	runs/S1-20260810-208/rank_affinity/rank-2.txt	raw/S1-20260810-208/run_evidence/rank_affinity/rank-2.txt	d642ca134c194050b5380029911e8c22e9e50aee8726e865a9a78e28b0cafed7	92
S1-20260810-208	runs/S1-20260810-208/rank_affinity/rank-3.txt	raw/S1-20260810-208/run_evidence/rank_affinity/rank-3.txt	ad0ad1180f84d3fde03f04e8f26da6b63b7ef215c88f9606e1e308b1d300b252	92
S1-20260810-208	runs/S1-20260810-208/resource_usage.txt	raw/S1-20260810-208/run_evidence/resource_usage.txt	da2330c79badb0f4b9fcd19b57b53b72f297e1d821e63e1def6c5a88725545bd	1107
S1-20260810-208	runs/S1-20260810-208/run.stdout	raw/S1-20260810-208/run_evidence/run.stdout	35320c653deb04207505dd7359abd62d16a7f404cd78f0aee9ee38f4593668f0	5723
S1-20260810-208	runs/S1-20260810-208/runner_result.json	raw/S1-20260810-208/run_evidence/runner_result.json	88d54bdd26c553f1191c5997026f8b424b5da74c4c073ba59c5bfd7b0e3b3da2	460
S1-20260810-208	runs/S1-20260810-208/runtime.json	raw/S1-20260810-208/run_evidence/runtime.json	c204025459d0f7173ec78ef7c1b3de5b0099beadc321017220067e43bf886e68	2510
S1-20260810-209	attempts/S1-20260810-209.json	raw/S1-20260810-209/run_evidence/attempt_marker.json	da940f9e2335097e5d47cd95356523d294aa8aac570d17d6afa09b52a100a76e	560
S1-20260810-209	completions/S1-20260810-209.json	raw/S1-20260810-209/run_evidence/completion_marker.json	0e34943ccf503cfcced810beca218836c4abf496f465c08ee0ac712c2b2d2125	462
S1-20260810-209	runs/S1-20260810-209/INPUT	raw/S1-20260810-209/run_evidence/INPUT	33f297c3ae8f5f013615684326fc05d81774a0971f18532feacac648ea064941	358
S1-20260810-209	runs/S1-20260810-209/KPT	raw/S1-20260810-209/run_evidence/KPT	d59f4a8d01e74f7ec8fb53fe7de304457198bb3b6da2d7dcebba6c08c3330c4f	32
S1-20260810-209	runs/S1-20260810-209/OUT.g1dsr1_mg_209/chg.cube	raw/S1-20260810-209/run_evidence/OUT.g1dsr1_mg_209/chg.cube	c4bacd252222624301008f6e67c8b0a200d00cf48172bdf5ef2d345e7aafdd67	604703
S1-20260810-209	runs/S1-20260810-209/OUT.g1dsr1_mg_209/pot.cube	raw/S1-20260810-209/run_evidence/OUT.g1dsr1_mg_209/pot.cube	2072f33937133615511c862aa3e7ec6647c91bf6de4407dfa895b2cd4cdc0b8c	628150
S1-20260810-209	runs/S1-20260810-209/OUT.g1dsr1_mg_209/running_scf.log	raw/S1-20260810-209/run_evidence/OUT.g1dsr1_mg_209/running_scf.log	594ccc6992c7667a1ee82cf2b3ce70c0e700df4780503c06a9e1a65c8eadad0e	1037550
S1-20260810-209	runs/S1-20260810-209/OUT.g1dsr1_mg_209/warning.log	raw/S1-20260810-209/run_evidence/OUT.g1dsr1_mg_209/warning.log	275662adbbe71aa7bce98dbd68715e248be68e3e33b6cd4fe82243f8707cf9f4	931
S1-20260810-209	runs/S1-20260810-209/STRU	raw/S1-20260810-209/run_evidence/STRU	31773168707fe760b2a9f50e0fcb248196b8cf8e230e5c41b1bf5e84ff5d85ee	428
S1-20260810-209	runs/S1-20260810-209/input_metadata.json	raw/S1-20260810-209/run_evidence/input_metadata.json	756f61cdf37cde674f166c0f9c1e201c90119843281bf68265e65e203fb1fd02	1897
S1-20260810-209	runs/S1-20260810-209/input_sha256.json	raw/S1-20260810-209/run_evidence/input_sha256.json	fca78937a5af673f0103d6a5b940d41da11e3caf5ed707486f97f01c43bcbff1	414
S1-20260810-209	runs/S1-20260810-209/mg.lda.lps	raw/S1-20260810-209/run_evidence/mg.lda.lps	4b964580cfbd798708299bb0e0baef2f437983d29e6d7040f63b7532038b4259	69617
S1-20260810-209	runs/S1-20260810-209/rank_affinity/rank-0.txt	raw/S1-20260810-209/run_evidence/rank_affinity/rank-0.txt	b0a30f928c13fca2b33fb3633cb96bf16cea4733ccf2173d814672269e946ec7	92
S1-20260810-209	runs/S1-20260810-209/rank_affinity/rank-1.txt	raw/S1-20260810-209/run_evidence/rank_affinity/rank-1.txt	a1dfe960d4b5f5fae39e6d88887e7f520c6add35bf27f840b37de9bf2bb8ca2c	92
S1-20260810-209	runs/S1-20260810-209/rank_affinity/rank-2.txt	raw/S1-20260810-209/run_evidence/rank_affinity/rank-2.txt	94c34b2f1d5e6ed2deeadc7d681dfe8d9ff0f43c4321203f841f01250276f3e3	92
S1-20260810-209	runs/S1-20260810-209/rank_affinity/rank-3.txt	raw/S1-20260810-209/run_evidence/rank_affinity/rank-3.txt	c19d2b4d497dcbc422c12942ffde8006d3728719b8bceda1e21436bfd0780ca3	92
S1-20260810-209	runs/S1-20260810-209/resource_usage.txt	raw/S1-20260810-209/run_evidence/resource_usage.txt	6fcc494ace4bd08b0f07463029d878ff5a994e66b64064ab35cea10f400f24c2	1107
S1-20260810-209	runs/S1-20260810-209/run.stdout	raw/S1-20260810-209/run_evidence/run.stdout	ea953082e3b77c706e2bad5cd8042243e9a1ab71e879d5e6260b0f137009523c	5723
S1-20260810-209	runs/S1-20260810-209/runner_result.json	raw/S1-20260810-209/run_evidence/runner_result.json	0e34943ccf503cfcced810beca218836c4abf496f465c08ee0ac712c2b2d2125	462
S1-20260810-209	runs/S1-20260810-209/runtime.json	raw/S1-20260810-209/run_evidence/runtime.json	83f24ef934ad4b967006b9c8b5be15b12cc3efac197686f58794758c74de368f	2510
S1-20260810-210	attempts/S1-20260810-210.json	raw/S1-20260810-210/run_evidence/attempt_marker.json	4333f11a894cabc8782dfe243f5846e4d42d67dc06c10369667988d3e403550f	560
S1-20260810-210	completions/S1-20260810-210.json	raw/S1-20260810-210/run_evidence/completion_marker.json	2d96c34377d8d3fdda2f33c134371db7fce20fac1379f715c36a49902225394e	461
S1-20260810-210	runs/S1-20260810-210/INPUT	raw/S1-20260810-210/run_evidence/INPUT	88c272c17eea6de5db5bb924ecc3551f934d00cdb79999a02140282be4313284	358
S1-20260810-210	runs/S1-20260810-210/KPT	raw/S1-20260810-210/run_evidence/KPT	d59f4a8d01e74f7ec8fb53fe7de304457198bb3b6da2d7dcebba6c08c3330c4f	32
S1-20260810-210	runs/S1-20260810-210/OUT.g1dsr1_mg_210/chg.cube	raw/S1-20260810-210/run_evidence/OUT.g1dsr1_mg_210/chg.cube	4d7474e56ae04ccdade7769193fa8cba7cd7c7434947166627d7f8dc20c1be8e	604703
S1-20260810-210	runs/S1-20260810-210/OUT.g1dsr1_mg_210/pot.cube	raw/S1-20260810-210/run_evidence/OUT.g1dsr1_mg_210/pot.cube	3159f92586ade38dffa80f585a795c57f57687ec52826a7bdaaa1fb088f05906	628150
S1-20260810-210	runs/S1-20260810-210/OUT.g1dsr1_mg_210/running_scf.log	raw/S1-20260810-210/run_evidence/OUT.g1dsr1_mg_210/running_scf.log	509ded66369cba091d24d18451fef92dd5155e382af66d081bf736c9926f2d98	1038436
S1-20260810-210	runs/S1-20260810-210/OUT.g1dsr1_mg_210/warning.log	raw/S1-20260810-210/run_evidence/OUT.g1dsr1_mg_210/warning.log	3db8e6bcdd6de2b259c55cf5d8dde04e8f1f0dd45182bd99f3aba4d007cd070e	946
S1-20260810-210	runs/S1-20260810-210/STRU	raw/S1-20260810-210/run_evidence/STRU	29cab67860cfb7e18c805ee6572f5e55a2df216caea7a6efa45f38ae510cfbab	428
S1-20260810-210	runs/S1-20260810-210/input_metadata.json	raw/S1-20260810-210/run_evidence/input_metadata.json	b82f8dcb929627e18673b84e8f3f0970e2d7e93de7acabc9b57ca5c2ca62ea66	1886
S1-20260810-210	runs/S1-20260810-210/input_sha256.json	raw/S1-20260810-210/run_evidence/input_sha256.json	7a58d6a106a1f915756f708db2c22109969bbb348d454ad330f33e59bd4a172a	414
S1-20260810-210	runs/S1-20260810-210/mg.lda.lps	raw/S1-20260810-210/run_evidence/mg.lda.lps	4b964580cfbd798708299bb0e0baef2f437983d29e6d7040f63b7532038b4259	69617
S1-20260810-210	runs/S1-20260810-210/rank_affinity/rank-0.txt	raw/S1-20260810-210/run_evidence/rank_affinity/rank-0.txt	7fc6038caea08a9be3760eb3280efc3a619b98770a46c40e2826374eeed03f9a	92
S1-20260810-210	runs/S1-20260810-210/rank_affinity/rank-1.txt	raw/S1-20260810-210/run_evidence/rank_affinity/rank-1.txt	f1369dd15759bb02303faf3f67361f2b6e667388580533e6510fae13a816aa64	92
S1-20260810-210	runs/S1-20260810-210/rank_affinity/rank-2.txt	raw/S1-20260810-210/run_evidence/rank_affinity/rank-2.txt	d6e69a963c3a11443899f09f1e6405735ded50a942860aeffa078060d901ba00	92
S1-20260810-210	runs/S1-20260810-210/rank_affinity/rank-3.txt	raw/S1-20260810-210/run_evidence/rank_affinity/rank-3.txt	21bb1bb7331b9571671bbd9d4fb2c776791e2df6a288ad35ed62e1147914668d	92
S1-20260810-210	runs/S1-20260810-210/resource_usage.txt	raw/S1-20260810-210/run_evidence/resource_usage.txt	276830cf9cc70fd0d9ee2425713c6c351b10e2c760194b6301b933ae0d609c34	1107
S1-20260810-210	runs/S1-20260810-210/run.stdout	raw/S1-20260810-210/run_evidence/run.stdout	3fae3abe5a7c5f42b771cfd4d7ada93db887129e97b35857df079fe12bb0617e	5785
S1-20260810-210	runs/S1-20260810-210/runner_result.json	raw/S1-20260810-210/run_evidence/runner_result.json	2d96c34377d8d3fdda2f33c134371db7fce20fac1379f715c36a49902225394e	461
S1-20260810-210	runs/S1-20260810-210/runtime.json	raw/S1-20260810-210/run_evidence/runtime.json	3b58eca57119e6700864bb3162eb025680ad70a8ec06f41068a3938b703b223c	2510
S1-20260810-211	attempts/S1-20260810-211.json	raw/S1-20260810-211/run_evidence/attempt_marker.json	145a5d66e84c9035a203cebd717e5e3f8825907c4103a15de94305d98d993b42	560
S1-20260810-211	completions/S1-20260810-211.json	raw/S1-20260810-211/run_evidence/completion_marker.json	f9310be4e5ae4a4cc9cba739dc7ea5e9acb6748d9a651b777d7f78b654a31e66	461
S1-20260810-211	runs/S1-20260810-211/INPUT	raw/S1-20260810-211/run_evidence/INPUT	d282814407716a6e30528306e8ff228c9eddb17bbe34fb997f95766c275e172f	358
S1-20260810-211	runs/S1-20260810-211/KPT	raw/S1-20260810-211/run_evidence/KPT	d59f4a8d01e74f7ec8fb53fe7de304457198bb3b6da2d7dcebba6c08c3330c4f	32
S1-20260810-211	runs/S1-20260810-211/OUT.g1dsr1_mg_211/chg.cube	raw/S1-20260810-211/run_evidence/OUT.g1dsr1_mg_211/chg.cube	a37151dfe46fb04392e72c7276b49ce9686633dc9a35f4d77f42ce8c2fcad304	604703
S1-20260810-211	runs/S1-20260810-211/OUT.g1dsr1_mg_211/pot.cube	raw/S1-20260810-211/run_evidence/OUT.g1dsr1_mg_211/pot.cube	d789dd21c203d2fbb7cd8ad3f9f9fe393ab0bfce600b19a0e96a5c9b0262d8d6	628150
S1-20260810-211	runs/S1-20260810-211/OUT.g1dsr1_mg_211/running_scf.log	raw/S1-20260810-211/run_evidence/OUT.g1dsr1_mg_211/running_scf.log	01b3670d5dc4dba3e1cebf7c5d0bfd4b54474e16ea8be31138fdd8d0198f07a1	1038438
S1-20260810-211	runs/S1-20260810-211/OUT.g1dsr1_mg_211/warning.log	raw/S1-20260810-211/run_evidence/OUT.g1dsr1_mg_211/warning.log	3db8e6bcdd6de2b259c55cf5d8dde04e8f1f0dd45182bd99f3aba4d007cd070e	946
S1-20260810-211	runs/S1-20260810-211/STRU	raw/S1-20260810-211/run_evidence/STRU	37492ac634b7d8b04223483663bf6a3b8e5b4ca8047f45424727c1ec21e8fa81	428
S1-20260810-211	runs/S1-20260810-211/input_metadata.json	raw/S1-20260810-211/run_evidence/input_metadata.json	aa27d91044677fde16bc304f28a17f4f3fdc66a5458e26acb2f04d30c226a58f	1889
S1-20260810-211	runs/S1-20260810-211/input_sha256.json	raw/S1-20260810-211/run_evidence/input_sha256.json	3104ba455292bbb72e029faf17a466f7f381ba2515301396060da94c571136ca	414
S1-20260810-211	runs/S1-20260810-211/mg.lda.lps	raw/S1-20260810-211/run_evidence/mg.lda.lps	4b964580cfbd798708299bb0e0baef2f437983d29e6d7040f63b7532038b4259	69617
S1-20260810-211	runs/S1-20260810-211/rank_affinity/rank-0.txt	raw/S1-20260810-211/run_evidence/rank_affinity/rank-0.txt	4b2565fffb6a66642eab0388f8792a03ebdfdf13c314dd531251744234251f85	92
S1-20260810-211	runs/S1-20260810-211/rank_affinity/rank-1.txt	raw/S1-20260810-211/run_evidence/rank_affinity/rank-1.txt	12724d2d7eae6910a905c4100a5e768c16e57bc8024263d3c3762c836019ba2b	92
S1-20260810-211	runs/S1-20260810-211/rank_affinity/rank-2.txt	raw/S1-20260810-211/run_evidence/rank_affinity/rank-2.txt	d2857573ed1e5e941735a7674debed7fbe94e53655cad707a7123367c40acef1	92
S1-20260810-211	runs/S1-20260810-211/rank_affinity/rank-3.txt	raw/S1-20260810-211/run_evidence/rank_affinity/rank-3.txt	19f3c57f31299ef6c3598510d0b553699f9dc0eeaa2a8c72e996dc75d10d7e3d	92
S1-20260810-211	runs/S1-20260810-211/resource_usage.txt	raw/S1-20260810-211/run_evidence/resource_usage.txt	486a9f154974a57b61ee5558f4c7651230f5989317c88c4843861855e3baae6f	1107
S1-20260810-211	runs/S1-20260810-211/run.stdout	raw/S1-20260810-211/run_evidence/run.stdout	3ff52a8e8536a77e1bdfe943e8528b79de289e0230bf8d88fe89a5449a0bac95	5785
S1-20260810-211	runs/S1-20260810-211/runner_result.json	raw/S1-20260810-211/run_evidence/runner_result.json	f9310be4e5ae4a4cc9cba739dc7ea5e9acb6748d9a651b777d7f78b654a31e66	461
S1-20260810-211	runs/S1-20260810-211/runtime.json	raw/S1-20260810-211/run_evidence/runtime.json	5870ab8815dda958a9b7d201a0fa5dee6726e802383fe7441c0d06dfe94ae224	2510
S1-20260810-212	attempts/S1-20260810-212.json	raw/S1-20260810-212/run_evidence/attempt_marker.json	e5cea17766777f75453d44987cb49806b4970288c5c09faea7f609131b9290c6	560
S1-20260810-212	completions/S1-20260810-212.json	raw/S1-20260810-212/run_evidence/completion_marker.json	2cf16a206b5bbe5b92973adb326bf716550eb759453a2adbf60e0734d802c7ce	462
S1-20260810-212	runs/S1-20260810-212/INPUT	raw/S1-20260810-212/run_evidence/INPUT	8e84fb6a8e2ecc0fcb7b2a89b827b81958ef007454dba5a5a18ea266292f76fe	358
S1-20260810-212	runs/S1-20260810-212/KPT	raw/S1-20260810-212/run_evidence/KPT	d59f4a8d01e74f7ec8fb53fe7de304457198bb3b6da2d7dcebba6c08c3330c4f	32
S1-20260810-212	runs/S1-20260810-212/OUT.g1dsr1_mg_212/chg.cube	raw/S1-20260810-212/run_evidence/OUT.g1dsr1_mg_212/chg.cube	a4cb3e376de956044204ec1d4e6ef997e87c6de650f641616db4aea38f443903	604703
S1-20260810-212	runs/S1-20260810-212/OUT.g1dsr1_mg_212/pot.cube	raw/S1-20260810-212/run_evidence/OUT.g1dsr1_mg_212/pot.cube	772d6df559c7e9ddd3714dac02b14b140f558ba6bc4ed8517c155fb176a6c822	628150
S1-20260810-212	runs/S1-20260810-212/OUT.g1dsr1_mg_212/running_scf.log	raw/S1-20260810-212/run_evidence/OUT.g1dsr1_mg_212/running_scf.log	ecd0667d489b029f06052c9b658aa2247eb0090382338c87a9fb56a45306d8fd	1038440
S1-20260810-212	runs/S1-20260810-212/OUT.g1dsr1_mg_212/warning.log	raw/S1-20260810-212/run_evidence/OUT.g1dsr1_mg_212/warning.log	62dc01df5ce489b5b85b32beae80a382b8f545b658015e9e961e44e289b532ab	946
S1-20260810-212	runs/S1-20260810-212/STRU	raw/S1-20260810-212/run_evidence/STRU	1878e4e81032c604494a65b080f7ac9b95816f75431fdeaf5544e4f6439c69fa	428
S1-20260810-212	runs/S1-20260810-212/input_metadata.json	raw/S1-20260810-212/run_evidence/input_metadata.json	7067a7f7ba691e0d8dfee91d750c92e5267b98643728d6b8df6a72103ea42835	1885
S1-20260810-212	runs/S1-20260810-212/input_sha256.json	raw/S1-20260810-212/run_evidence/input_sha256.json	92862182c126d5541aba578b13369d18d61cc170d15ec1bc15e84d711b70d6d1	414
S1-20260810-212	runs/S1-20260810-212/mg.lda.lps	raw/S1-20260810-212/run_evidence/mg.lda.lps	4b964580cfbd798708299bb0e0baef2f437983d29e6d7040f63b7532038b4259	69617
S1-20260810-212	runs/S1-20260810-212/rank_affinity/rank-0.txt	raw/S1-20260810-212/run_evidence/rank_affinity/rank-0.txt	812424266c35f5fc3357c24015ef4dde406c71a0063d92e90ff97fd572f6b228	92
S1-20260810-212	runs/S1-20260810-212/rank_affinity/rank-1.txt	raw/S1-20260810-212/run_evidence/rank_affinity/rank-1.txt	3b9d348734f15acb098d0c5d54bcfc4d4be7ff9f7052561c86361c5483ca28e2	92
S1-20260810-212	runs/S1-20260810-212/rank_affinity/rank-2.txt	raw/S1-20260810-212/run_evidence/rank_affinity/rank-2.txt	2b64a223147541bb5a4e14ee567bff1cb9d40ee79cc4848a3977d494cd33ba1f	92
S1-20260810-212	runs/S1-20260810-212/rank_affinity/rank-3.txt	raw/S1-20260810-212/run_evidence/rank_affinity/rank-3.txt	fe388522d2957155315e5f9bae4f9afbb5154bb2275acf37ea5d670113cbde31	92
S1-20260810-212	runs/S1-20260810-212/resource_usage.txt	raw/S1-20260810-212/run_evidence/resource_usage.txt	4660a2a7228975fbd0bb886f020cb1d414ed6c96c18a58105749ef01308e7806	1107
S1-20260810-212	runs/S1-20260810-212/run.stdout	raw/S1-20260810-212/run_evidence/run.stdout	7cade6843e073313a99855f0fdaad112701865b1a16d62f74b0b0e7e5b977a03	5785
S1-20260810-212	runs/S1-20260810-212/runner_result.json	raw/S1-20260810-212/run_evidence/runner_result.json	2cf16a206b5bbe5b92973adb326bf716550eb759453a2adbf60e0734d802c7ce	462
S1-20260810-212	runs/S1-20260810-212/runtime.json	raw/S1-20260810-212/run_evidence/runtime.json	9fa7f4f63b03c065f16539625cc183dc9a81be773a2a0be9659f780ca8787720	2510
S1-20260810-213	attempts/S1-20260810-213.json	raw/S1-20260810-213/run_evidence/attempt_marker.json	4956ceda07ff8486812e037910a1e24b4da020861dad937cc266edc0d9166f4b	560
S1-20260810-213	completions/S1-20260810-213.json	raw/S1-20260810-213/run_evidence/completion_marker.json	73c83f8db24a9742f9e35debbf1f2339f52c4b3a8018abcbee071552f7cde057	462
S1-20260810-213	runs/S1-20260810-213/INPUT	raw/S1-20260810-213/run_evidence/INPUT	0ab457665d0aecb29024b640863c9ce9f904c229b2562221bb4e5299622dda7a	358
S1-20260810-213	runs/S1-20260810-213/KPT	raw/S1-20260810-213/run_evidence/KPT	d59f4a8d01e74f7ec8fb53fe7de304457198bb3b6da2d7dcebba6c08c3330c4f	32
S1-20260810-213	runs/S1-20260810-213/OUT.g1dsr1_mg_213/chg.cube	raw/S1-20260810-213/run_evidence/OUT.g1dsr1_mg_213/chg.cube	0930071fcba948271f21ef77e407c2971706066aead568a6a93408a04281db77	604703
S1-20260810-213	runs/S1-20260810-213/OUT.g1dsr1_mg_213/pot.cube	raw/S1-20260810-213/run_evidence/OUT.g1dsr1_mg_213/pot.cube	5300d0a359521bc0ad79c0925db4819580c1cf1de25d3ab1117ca89bd01e6892	628138
S1-20260810-213	runs/S1-20260810-213/OUT.g1dsr1_mg_213/running_scf.log	raw/S1-20260810-213/run_evidence/OUT.g1dsr1_mg_213/running_scf.log	d40e4abf94d0c435d61f8be82158642c5edd98966d499c007f74a43a57980cc8	1038426
S1-20260810-213	runs/S1-20260810-213/OUT.g1dsr1_mg_213/warning.log	raw/S1-20260810-213/run_evidence/OUT.g1dsr1_mg_213/warning.log	275662adbbe71aa7bce98dbd68715e248be68e3e33b6cd4fe82243f8707cf9f4	931
S1-20260810-213	runs/S1-20260810-213/STRU	raw/S1-20260810-213/run_evidence/STRU	784693c1fe36342110fcb1e91653067eedfe9be5aeac5dd2a5ab37030dec20b7	428
S1-20260810-213	runs/S1-20260810-213/input_metadata.json	raw/S1-20260810-213/run_evidence/input_metadata.json	8bc00188d4004300e1814b5d973f4220afd629d673cf52f21e8dd4aec0292d26	1887
S1-20260810-213	runs/S1-20260810-213/input_sha256.json	raw/S1-20260810-213/run_evidence/input_sha256.json	676603595c5af645d1707f84abe7e49b7a36b426a8e86f197a57d9c1ed041550	414
S1-20260810-213	runs/S1-20260810-213/mg.lda.lps	raw/S1-20260810-213/run_evidence/mg.lda.lps	4b964580cfbd798708299bb0e0baef2f437983d29e6d7040f63b7532038b4259	69617
S1-20260810-213	runs/S1-20260810-213/rank_affinity/rank-0.txt	raw/S1-20260810-213/run_evidence/rank_affinity/rank-0.txt	95aec37ca0065c9eea2b1ad3b4346ce3b8f0bf9c886bd5ad6b06e0563f31e4a3	92
S1-20260810-213	runs/S1-20260810-213/rank_affinity/rank-1.txt	raw/S1-20260810-213/run_evidence/rank_affinity/rank-1.txt	9ed1a94b7ec43868a41df05be4212aa17734f2bc22d5b88ced81d910e8e163a5	92
S1-20260810-213	runs/S1-20260810-213/rank_affinity/rank-2.txt	raw/S1-20260810-213/run_evidence/rank_affinity/rank-2.txt	d99d83efaa8a9a2bda4dd575e73224004a0f1032676f7722057fa66434593975	92
S1-20260810-213	runs/S1-20260810-213/rank_affinity/rank-3.txt	raw/S1-20260810-213/run_evidence/rank_affinity/rank-3.txt	94a5f8750a4d77519f8356fb421750324b42c21161ebb9b02ecdc5882c739de6	92
S1-20260810-213	runs/S1-20260810-213/resource_usage.txt	raw/S1-20260810-213/run_evidence/resource_usage.txt	a3b40fe6b6821b9edf0a15628d071291717a28775fea6767d74af9d46d74ad80	1107
S1-20260810-213	runs/S1-20260810-213/run.stdout	raw/S1-20260810-213/run_evidence/run.stdout	86866cbba27b5d1dc8ac13061bc9d9ec52ca3958846d89667d983f2d41cf330f	5785
S1-20260810-213	runs/S1-20260810-213/runner_result.json	raw/S1-20260810-213/run_evidence/runner_result.json	73c83f8db24a9742f9e35debbf1f2339f52c4b3a8018abcbee071552f7cde057	462
S1-20260810-213	runs/S1-20260810-213/runtime.json	raw/S1-20260810-213/run_evidence/runtime.json	de5ea07ffc7e415d4c91d2788e76dd6a78820ae416fe927934c034467deddcc9	2510
S1-20260810-214	attempts/S1-20260810-214.json	raw/S1-20260810-214/run_evidence/attempt_marker.json	252bd151f5be7ade0a5f17c9a03dc1edb11d3caba3405a62e641f836d9429092	560
S1-20260810-214	completions/S1-20260810-214.json	raw/S1-20260810-214/run_evidence/completion_marker.json	ba02ad414e731cfb6097f2303a5a5ab583ab482c36dc1bf08a2a54e188c194de	462
S1-20260810-214	runs/S1-20260810-214/INPUT	raw/S1-20260810-214/run_evidence/INPUT	e11c64045d9d72ebed06c9376bdd94f87985c1745cb5ab44ee4613a143159df9	358
S1-20260810-214	runs/S1-20260810-214/KPT	raw/S1-20260810-214/run_evidence/KPT	d59f4a8d01e74f7ec8fb53fe7de304457198bb3b6da2d7dcebba6c08c3330c4f	32
S1-20260810-214	runs/S1-20260810-214/OUT.g1dsr1_mg_214/chg.cube	raw/S1-20260810-214/run_evidence/OUT.g1dsr1_mg_214/chg.cube	88e875d6bf6f883cfa11b5d9a32a042c6fed62b28b1b913edeff6a3b38ec11a4	604703
S1-20260810-214	runs/S1-20260810-214/OUT.g1dsr1_mg_214/pot.cube	raw/S1-20260810-214/run_evidence/OUT.g1dsr1_mg_214/pot.cube	8991a5f1f501dbaf351bfa6ecbfc8c4a61c92177d311c4ddffc1ad924a0d8f9d	628144
S1-20260810-214	runs/S1-20260810-214/OUT.g1dsr1_mg_214/running_scf.log	raw/S1-20260810-214/run_evidence/OUT.g1dsr1_mg_214/running_scf.log	c6d1cb4d98b19544587955c6426596a730c18641df935f68233469b0f03d8045	1038440
S1-20260810-214	runs/S1-20260810-214/OUT.g1dsr1_mg_214/warning.log	raw/S1-20260810-214/run_evidence/OUT.g1dsr1_mg_214/warning.log	3db8e6bcdd6de2b259c55cf5d8dde04e8f1f0dd45182bd99f3aba4d007cd070e	946
S1-20260810-214	runs/S1-20260810-214/STRU	raw/S1-20260810-214/run_evidence/STRU	5bf688cced32a5b73d441a112291dbf383c47dd759a332077478fe99923df359	428
S1-20260810-214	runs/S1-20260810-214/input_metadata.json	raw/S1-20260810-214/run_evidence/input_metadata.json	178c6e60d02e3647b175d0ad90322597d4c961777b51e99b7d717eb5d6b007f6	1876
S1-20260810-214	runs/S1-20260810-214/input_sha256.json	raw/S1-20260810-214/run_evidence/input_sha256.json	cf96494e68a3dca4b09a51e0f52b79d5d20fe737d1fb50d084d1bdf0d09d2986	414
S1-20260810-214	runs/S1-20260810-214/mg.lda.lps	raw/S1-20260810-214/run_evidence/mg.lda.lps	4b964580cfbd798708299bb0e0baef2f437983d29e6d7040f63b7532038b4259	69617
S1-20260810-214	runs/S1-20260810-214/rank_affinity/rank-0.txt	raw/S1-20260810-214/run_evidence/rank_affinity/rank-0.txt	de68b1cf8af8a62c140cb4bf2a97a298bb4d80f6d123d09bb9d6c6054375484c	92
S1-20260810-214	runs/S1-20260810-214/rank_affinity/rank-1.txt	raw/S1-20260810-214/run_evidence/rank_affinity/rank-1.txt	3dd9835be6265569eed1a88989542e5b95029869a2befb9bf6b8e5c339653120	92
S1-20260810-214	runs/S1-20260810-214/rank_affinity/rank-2.txt	raw/S1-20260810-214/run_evidence/rank_affinity/rank-2.txt	8d71389e8e21987f6ab7ecbb4a5f4b11548347d56a71cf76cbf42a87779a4152	92
S1-20260810-214	runs/S1-20260810-214/rank_affinity/rank-3.txt	raw/S1-20260810-214/run_evidence/rank_affinity/rank-3.txt	66729b86888f7978de6b501e79920288c9c7f159bc1d84dc2de495ee3efeebcd	92
S1-20260810-214	runs/S1-20260810-214/resource_usage.txt	raw/S1-20260810-214/run_evidence/resource_usage.txt	81c5b490a9309510ad413daa5c8a2dde67d4b23f5e9dda8cba464b759e27fb38	1107
S1-20260810-214	runs/S1-20260810-214/run.stdout	raw/S1-20260810-214/run_evidence/run.stdout	4f913966c11ecb04c3c0e6b240e4ad5efc4e8054e645dd62f805e96d6dec5201	5785
S1-20260810-214	runs/S1-20260810-214/runner_result.json	raw/S1-20260810-214/run_evidence/runner_result.json	ba02ad414e731cfb6097f2303a5a5ab583ab482c36dc1bf08a2a54e188c194de	462
S1-20260810-214	runs/S1-20260810-214/runtime.json	raw/S1-20260810-214/run_evidence/runtime.json	65de5846a6b75d2c5f1fe12f7808c43f0eef80b554567b855fdb72d68ec77d7a	2510
S1-20260810-215	attempts/S1-20260810-215.json	raw/S1-20260810-215/run_evidence/attempt_marker.json	da790fbd4d031b3319b95ed1140f24f4d904d2749079f5007e5f590297da4af1	560
S1-20260810-215	completions/S1-20260810-215.json	raw/S1-20260810-215/run_evidence/completion_marker.json	c5e527b245c9aaea89532c709ece698d738c88789d0bca66268a1a42214f2e27	462
S1-20260810-215	runs/S1-20260810-215/INPUT	raw/S1-20260810-215/run_evidence/INPUT	203c49d1d0e8d32313be7523067f83f5e2b96c71bafe1db320733cdd32d882f0	358
S1-20260810-215	runs/S1-20260810-215/KPT	raw/S1-20260810-215/run_evidence/KPT	d59f4a8d01e74f7ec8fb53fe7de304457198bb3b6da2d7dcebba6c08c3330c4f	32
S1-20260810-215	runs/S1-20260810-215/OUT.g1dsr1_mg_215/chg.cube	raw/S1-20260810-215/run_evidence/OUT.g1dsr1_mg_215/chg.cube	84a35cd02d4566533e99c53f505af871fb5c135a220ef030642200193787b760	604704
S1-20260810-215	runs/S1-20260810-215/OUT.g1dsr1_mg_215/pot.cube	raw/S1-20260810-215/run_evidence/OUT.g1dsr1_mg_215/pot.cube	7511605d273b5ce9827ff5025d0b32e37cfb2abdbdbe07324605b43c36183318	628145
S1-20260810-215	runs/S1-20260810-215/OUT.g1dsr1_mg_215/running_scf.log	raw/S1-20260810-215/run_evidence/OUT.g1dsr1_mg_215/running_scf.log	419860c437356bdf926da417ac5bccaaa82fca26f4544c774678fa8d9e0cd6ff	1038433
S1-20260810-215	runs/S1-20260810-215/OUT.g1dsr1_mg_215/warning.log	raw/S1-20260810-215/run_evidence/OUT.g1dsr1_mg_215/warning.log	94f225f971b85f909993b16f0b388c68ecc13d5bb786467f9a29c0bd9b7450b9	946
S1-20260810-215	runs/S1-20260810-215/STRU	raw/S1-20260810-215/run_evidence/STRU	c8a0c8e53aa98afbafd035567faf2b76db99a62fddaba1e43ae8d159b8db3b7d	429
S1-20260810-215	runs/S1-20260810-215/input_metadata.json	raw/S1-20260810-215/run_evidence/input_metadata.json	216d717e91e5eade4cc9edb094c736d2f1e77260b0cb4b4e28acc9c8e2876520	1879
S1-20260810-215	runs/S1-20260810-215/input_sha256.json	raw/S1-20260810-215/run_evidence/input_sha256.json	6ea168ff24ddc8b68096817bccdf0e6cd04b93ac00224795cc50328a08f6f2e9	414
S1-20260810-215	runs/S1-20260810-215/mg.lda.lps	raw/S1-20260810-215/run_evidence/mg.lda.lps	4b964580cfbd798708299bb0e0baef2f437983d29e6d7040f63b7532038b4259	69617
S1-20260810-215	runs/S1-20260810-215/rank_affinity/rank-0.txt	raw/S1-20260810-215/run_evidence/rank_affinity/rank-0.txt	334d86cbdcb9e735645294ba5d39d809e82c779f01db036e44fcb134f5876481	92
S1-20260810-215	runs/S1-20260810-215/rank_affinity/rank-1.txt	raw/S1-20260810-215/run_evidence/rank_affinity/rank-1.txt	b0052552b3a1709dccccd4f6cfe52fa15e4ac66806e09fba19da6074c1e39fed	92
S1-20260810-215	runs/S1-20260810-215/rank_affinity/rank-2.txt	raw/S1-20260810-215/run_evidence/rank_affinity/rank-2.txt	a60c4c35792baffe2bc178e024a4e290758e685b9aca8402a50a92328e0ef6c7	92
S1-20260810-215	runs/S1-20260810-215/rank_affinity/rank-3.txt	raw/S1-20260810-215/run_evidence/rank_affinity/rank-3.txt	7df55f9e67af1c5f243cdf9a0f920709e264b13e1ee29c1f448c1b59f029d993	92
S1-20260810-215	runs/S1-20260810-215/resource_usage.txt	raw/S1-20260810-215/run_evidence/resource_usage.txt	6a7fdb4f9b7a0da047e535b319fb9d8949bd675ab25441ba001533be48cfc56e	1107
S1-20260810-215	runs/S1-20260810-215/run.stdout	raw/S1-20260810-215/run_evidence/run.stdout	a4e49098358d0e7f257b6743260aeb1e1e031ac7f1bb6b3d7adf76a4bb3cfdba	5785
S1-20260810-215	runs/S1-20260810-215/runner_result.json	raw/S1-20260810-215/run_evidence/runner_result.json	c5e527b245c9aaea89532c709ece698d738c88789d0bca66268a1a42214f2e27	462
S1-20260810-215	runs/S1-20260810-215/runtime.json	raw/S1-20260810-215/run_evidence/runtime.json	717dc4bbbd433f59253e36aa0f27fa3188aa9539736fb66d3395702bb29deb69	2510
